GW,Team Rank,Formation,Total Score,GK Player,GK Club,GK Score,DEF Player,DEF Club,DEF Score,MID Player,MID Club,MID Score,FWD Player,FWD Club,FWD Score,Extra Player,Extra Club,Extra Position,Extra Score,GW Number
GW 683,1,Extra MID,462.0,Rui Silva,Sporting Clube de Portugal,69.3,Eduardo Quaresma,Sporting Clube de Portugal,98.3,Fred,Fenerbahçe Spor Kulübü,99.5,Youssef Chermiti,Rangers FC,100.0,Orkun Kökçü,Beşiktaş Jimnastik Kulübü,MID,94.9,683
GW 682,1,Extra MID,325.7,Jack Butland,Rangers FC,39.1,Auston Trusty,Celtic FC,71.7,Connor Barron,Rangers FC,75.5,Benjamin Nygren,Celtic FC,70.4,Thelonious Aasgaard,Rangers FC,MID,69.0,682
GW 681,1,Extra MID,418.9,Mert Günok,Fenerbahçe Spor Kulübü,67.2,Yiğit Demir,Fenerbahçe Spor Kulübü,82.9,Fred,Fenerbahçe Spor Kulübü,96.6,Kerem Aktürkoğlu,Fenerbahçe Spor Kulübü,85.9,Oleksandr Zubkov,Trabzonspor Kulübü,MID,86.3,681
GW 680,1,Extra MID,273.9,Lukáš Horníček,Sporting Braga,38.7,Víctor Gómez,Sporting Braga,63.0,João Moutinho,Sporting Braga,50.5,Pau Víctor,Sporting Braga,76.1,Vítor Carvalho,Sporting Braga,MID,45.6,680
GW 679,1,Extra DEF,462.8,Ersin Destanoğlu,Beşiktaş Jimnastik Kulübü,82.6,Jan Bednarek,FC Porto,100.0,Daniel Bragança,Sporting Clube de Portugal,93.9,Luis Suárez,Sporting Clube de Portugal,86.3,Tiago Djaló,Beşiktaş Jimnastik Kulübü,DEF,100.0,679
GW 678,1,Extra MID,375.7,Rui Silva,Sporting Clube de Portugal,62.1,Víctor Gómez,Sporting Braga,84.2,Ege Tıknaz,Sporting Braga,84.4,Luis Suárez,Sporting Clube de Portugal,72.2,Maho Dorgeles,Sporting Braga,MID,72.8,678
GW 677,1,Extra MID,439.0,Charles,Vitória Guimarães SC,78.0,Zeno Debast,Sporting Clube de Portugal,85.0,Lucas Torreira,Galatasaray Spor Kulübü,92.8,Oskar Pietuszewski,FC Porto,90.8,Richard Ríos,SL Benfica,MID,92.4,677
GW 676,1,Extra DEF,396.2,Lukáš Horníček,Sporting Braga,66.6,Jannik Schuster,FC Red Bull Salzburg,100.0,Ege Tıknaz,Sporting Braga,81.1,Yorbe Vertessen,FC Red Bull Salzburg,73.8,Gustaf Lagerbielke,Sporting Braga,DEF,74.7,676
GW 675,1,Extra DEF,418.1,Anatolii Trubin,SL Benfica,82.7,Emmanuel Agbadou,Beşiktaş Jimnastik Kulübü,88.5,Christ Inao Oulaï,Trabzonspor Kulübü,72.5,Yunus Akgün,Galatasaray Spor Kulübü,86.9,Jan Bednarek,FC Porto,DEF,87.5,675
GW 674,1,Extra FWD,345.0,Rui Silva,Sporting Clube de Portugal,67.8,Eduardo Quaresma,Sporting Clube de Portugal,68.2,Ege Tıknaz,Sporting Braga,65.6,Ricardo Horta,Sporting Braga,72.0,Pau Víctor,Sporting Braga,FWD,71.4,674
GW 673,1,Extra MID,443.8,Anatolii Trubin,SL Benfica,79.6,Nicolás Otamendi,SL Benfica,90.5,Talisca,Fenerbahçe Spor Kulübü,92.9,Gianluca Prestianni,SL Benfica,88.1,Orkun Kökçü,Beşiktaş Jimnastik Kulübü,MID,92.7,673
GW 672,1,Extra MID,354.3,Uğurcan Çakır,Galatasaray Spor Kulübü,56.6,Sacha Boey,Galatasaray Spor Kulübü,68.9,Florian Grillitsch,Sporting Braga,78.6,William,FC Porto,73.1,Gabri Veiga,FC Porto,MID,77.1,672
GW 671,1,Extra DEF,440.2,Lukáš Horníček,Sporting Braga,65.3,Eduardo Quaresma,Sporting Clube de Portugal,100.0,Gonçalo Nogueira,Vitória Guimarães SC,95.2,Yang Hyun-Jun,Celtic FC,86.6,Davinson Sánchez,Galatasaray Spor Kulübü,DEF,93.1,671
GW 670,1,Extra DEF,396.6,Uğurcan Çakır,Galatasaray Spor Kulübü,65.2,Nicolás Otamendi,SL Benfica,93.4,Orkun Kökçü,Beşiktaş Jimnastik Kulübü,95.8,Trincão,Sporting Clube de Portugal,67.3,John Souttar,Rangers FC,DEF,74.9,670
GW 669,1,Extra FWD,375.9,Rui Silva,Sporting Clube de Portugal,69.9,Zeno Debast,Sporting Clube de Portugal,77.6,Florian Grillitsch,Sporting Braga,72.4,Dodi Lukébakio,SL Benfica,79.6,Andreas Schjelderup,SL Benfica,FWD,76.4,669
GW 668,1,Extra DEF,372.6,Viljami Sinisalo,Celtic FC,69.0,Sidny Cabral,SL Benfica,81.4,İsmail Yüksek,Fenerbahçe Spor Kulübü,72.2,Kerim-Sam Alajbegović,FC Red Bull Salzburg,78.7,Jakub Kiwior,FC Porto,DEF,71.3,668
GW 667,1,Extra MID,429.8,Anatolii Trubin,SL Benfica,71.0,Frans Krätzig,FC Red Bull Salzburg,82.5,Richard Ríos,SL Benfica,98.5,Gianluca Prestianni,SL Benfica,80.9,Morten Hjulmand,Sporting Clube de Portugal,MID,96.9,667
GW 666,1,Extra FWD,474.6,Diogo Costa,FC Porto,89.3,Gonçalo Inácio,Sporting Clube de Portugal,100.0,Maximiliano Araújo,Sporting Clube de Portugal,100.0,Ricardo Horta,Sporting Braga,95.3,Nene Dorgeles,Fenerbahçe Spor Kulübü,FWD,90.0,666
GW 665,1,Extra DEF,469.8,Ersin Destanoğlu,Beşiktaş Jimnastik Kulübü,86.2,Wilfried Singo,Galatasaray Spor Kulübü,100.0,Orkun Kökçü,Beşiktaş Jimnastik Kulübü,92.2,Yang Hyun-Jun,Celtic FC,92.8,Tuur Rommens,Rangers FC,DEF,98.6,665
GW 664,1,Extra MID,365.2,Uğurcan Çakır,Galatasaray Spor Kulübü,86.8,Ismail Jakobs,Galatasaray Spor Kulübü,66.9,Morten Hjulmand,Sporting Clube de Portugal,74.2,Terem Moffi,FC Porto,64.3,Mario Lemina,Galatasaray Spor Kulübü,MID,73.0,664
GW 663,1,Extra MID,451.0,Uğurcan Çakır,Galatasaray Spor Kulübü,84.2,Rıdvan Yılmaz,Beşiktaş Jimnastik Kulübü,97.5,Mattéo Guendouzi,Fenerbahçe Spor Kulübü,100.0,Luis Suárez,Sporting Clube de Portugal,79.0,Rodrigo Zalazar,Sporting Braga,MID,90.3,663
GW 662,1,Extra DEF,322.6,Viljami Sinisalo,Celtic FC,32.5,Kieran Tierney,Celtic FC,84.7,Callum McGregor,Celtic FC,67.1,Benjamin Nygren,Celtic FC,67.4,Benjamin Arthur,Celtic FC,DEF,70.9,662
GW 661,1,Extra MID,458.5,Rui Silva,Sporting Clube de Portugal,77.1,Emmanuel Agbadou,Beşiktaş Jimnastik Kulübü,99.6,Morten Hjulmand,Sporting Clube de Portugal,100.0,Paul Onuachu,Trabzonspor Kulübü,84.7,Ozan Tufan,Trabzonspor Kulübü,MID,97.1,661
GW 660,1,Extra DEF,439.2,Viljami Sinisalo,Celtic FC,100.0,Saracchi,Celtic FC,87.8,Luke McCowan,Celtic FC,79.5,Kerem Aktürkoğlu,Fenerbahçe Spor Kulübü,86.2,Dane Murray,Celtic FC,DEF,85.7,660
GW 659,1,Extra MID,449.2,Rui Silva,Sporting Clube de Portugal,69.6,James Tavernier,Rangers FC,100.0,Enzo Barrenechea,SL Benfica,90.8,Kerim-Sam Alajbegović,FC Red Bull Salzburg,98.8,Rodrigo Zalazar,Sporting Braga,MID,90.0,659
GW 658,1,Extra DEF,399.2,Anatolii Trubin,SL Benfica,58.7,Davinson Sánchez,Galatasaray Spor Kulübü,83.7,Gabriel Sara,Galatasaray Spor Kulübü,100.0,Noa Lang,Galatasaray Spor Kulübü,83.1,Sacha Boey,Galatasaray Spor Kulübü,DEF,73.7,658
GW 657,1,Extra FWD,449.4,Diogo Costa,FC Porto,67.7,João Mendes,Vitória Guimarães SC,100.0,Orkun Kökçü,Beşiktaş Jimnastik Kulübü,81.7,Mauro Icardi,Galatasaray Spor Kulübü,100.0,Youssef Chermiti,Rangers FC,FWD,100.0,657
GW 656,1,Extra DEF,383.3,Jack Butland,Rangers FC,47.2,James Tavernier,Rangers FC,87.6,Nicolas Raskin,Rangers FC,77.9,Roger Fernandes,Sporting Braga,85.6,Saracchi,Celtic FC,DEF,85.0,656
GW 655,1,Extra MID,475.5,Uğurcan Çakır,Galatasaray Spor Kulübü,75.8,Jan Bednarek,FC Porto,100.0,Arsenii Batahov,Trabzonspor Kulübü,100.0,Ricardo Horta,Sporting Braga,99.7,Florian Grillitsch,Sporting Braga,MID,100.0,655
GW 654,1,Extra FWD,352.1,Jack Butland,Rangers FC,13.0,James Tavernier,Rangers FC,86.0,Mohammed Diomandé,Rangers FC,83.6,Mikey Moore,Rangers FC,92.0,Oliver Antman,Rangers FC,FWD,77.5,654
GW 653,1,Extra MID,481.2,Kasper Schmeichel,Celtic FC,90.3,Nicolás Otamendi,SL Benfica,95.2,Gabriel Sara,Galatasaray Spor Kulübü,100.0,Ricardo Horta,Sporting Braga,100.0,Callum McGregor,Celtic FC,MID,95.7,653
GW 652,1,Extra FWD,422.6,Anatolii Trubin,SL Benfica,77.5,Nicolás Otamendi,SL Benfica,73.0,Maximiliano Araújo,Sporting Clube de Portugal,85.8,Vangelis Pavlidis,SL Benfica,97.0,Andreas Schjelderup,SL Benfica,FWD,89.3,652
GW 651,1,Extra DEF,467.1,Diogo Costa,FC Porto,77.1,James Tavernier,Rangers FC,100.0,Nicolas Raskin,Rangers FC,99.8,Ricardo Horta,Sporting Braga,90.2,Sidny Cabral,SL Benfica,DEF,100.0,651
GW 650,1,Extra DEF,483.5,Lukáš Horníček,Sporting Braga,90.1,Auston Trusty,Celtic FC,100.0,İsmail Yüksek,Fenerbahçe Spor Kulübü,99.5,Kerim-Sam Alajbegović,FC Red Bull Salzburg,93.9,Frans Krätzig,FC Red Bull Salzburg,DEF,100.0,650
GW 649,1,Extra DEF,468.0,Lukáš Horníček,Sporting Braga,81.6,Samuel Dahl,SL Benfica,100.0,Orkun Kökçü,Beşiktaş Jimnastik Kulübü,100.0,Barış Yılmaz,Galatasaray Spor Kulübü,93.0,Emirhan Topçu,Beşiktaş Jimnastik Kulübü,DEF,93.4,649
GW 648,1,Extra DEF,368.4,Kasper Schmeichel,Celtic FC,85.3,Liam Scales,Celtic FC,70.0,Arne Engels,Celtic FC,75.0,Benjamin Nygren,Celtic FC,71.0,Julián Araujo,Celtic FC,DEF,67.1,648
GW 647,1,Extra DEF,441.6,Jack Butland,Rangers FC,80.4,James Tavernier,Rangers FC,100.0,Arne Engels,Celtic FC,74.4,Victor Osimhen,Galatasaray Spor Kulübü,86.8,Kieran Tierney,Celtic FC,DEF,100.0,647
GW 646,1,Extra MID,441.0,Jack Butland,Rangers FC,81.6,Emmanuel Fernandez,Rangers FC,88.3,Connor Barron,Rangers FC,100.0,Noa Lang,Galatasaray Spor Kulübü,73.1,Nicolas Raskin,Rangers FC,MID,98.0,646
GW 645,1,Extra FWD,438.9,Jack Butland,Rangers FC,72.0,Eduardo Quaresma,Sporting Clube de Portugal,100.0,Nicolas Raskin,Rangers FC,82.2,Noah Saviolo,Vitória Guimarães SC,92.4,Vangelis Pavlidis,SL Benfica,FWD,92.3,645
GW 644,1,Extra DEF,366.7,Jack Butland,Rangers FC,64.4,Auston Trusty,Celtic FC,78.3,Thelonious Aasgaard,Rangers FC,75.8,Youssef Chermiti,Rangers FC,75.4,Jayden Meghoma,Rangers FC,DEF,72.8,644
GW 643,1,Extra MID,482.3,Jack Butland,Rangers FC,93.9,Jan Bednarek,FC Porto,100.0,Wilfred Ndidi,Beşiktaş Jimnastik Kulübü,97.2,Luis Suárez,Sporting Clube de Portugal,100.0,Maximiliano Araújo,Sporting Clube de Portugal,MID,91.2,643
GW 642,1,Extra FWD,364.7,Rui Silva,Sporting Clube de Portugal,27.0,Ricardo Mangas,Sporting Clube de Portugal,90.6,Telmo Arcanjo,Vitória Guimarães SC,86.4,Fotis Ioannidis,Sporting Clube de Portugal,84.4,Trincão,Sporting Clube de Portugal,FWD,76.3,642
GW 641,1,Extra DEF,487.7,Diogo Costa,FC Porto,98.0,Nicolás Otamendi,SL Benfica,100.0,Callum McGregor,Celtic FC,100.0,Yunus Akgün,Galatasaray Spor Kulübü,92.9,Kieran Tierney,Celtic FC,DEF,96.8,641
GW 640,1,Extra DEF,316.6,Kasper Schmeichel,Celtic FC,43.2,Auston Trusty,Celtic FC,76.5,Paulo Bernardo,Celtic FC,56.4,Daizen Maeda,Celtic FC,71.7,Anthony Ralston,Celtic FC,DEF,68.8,640
GW 639,1,Extra DEF,480.7,Ederson,Fenerbahçe Spor Kulübü,86.6,Alberto Costa,FC Porto,100.0,Christ Inao Oulaï,Trabzonspor Kulübü,100.0,Vangelis Pavlidis,SL Benfica,94.1,Georgios Vagiannidis,Sporting Clube de Portugal,DEF,100.0,639
GW 638,1,Extra MID,441.3,Uğurcan Çakır,Galatasaray Spor Kulübü,87.8,Víctor Gómez,Sporting Braga,81.3,Talisca,Fenerbahçe Spor Kulübü,96.3,Gabri Martínez,Sporting Braga,81.5,Rodrigo Mora,FC Porto,MID,94.4,638
GW 637,1,Extra FWD,445.2,Jack Butland,Rangers FC,79.4,Jan Bednarek,FC Porto,86.8,Ernest Muçi,Trabzonspor Kulübü,88.6,Václav Černý,Beşiktaş Jimnastik Kulübü,99.6,Ricardo Horta,Sporting Braga,FWD,90.8,637
GW 636,1,Extra DEF,394.5,Kasper Schmeichel,Celtic FC,80.0,Colby Donovan,Celtic FC,83.6,Nedim Bajrami,Rangers FC,96.0,Daizen Maeda,Celtic FC,60.0,Max Aarons,Rangers FC,DEF,74.9,636
GW 635,1,Extra DEF,468.1,Jack Butland,Rangers FC,77.5,Eduardo Quaresma,Sporting Clube de Portugal,100.0,Beni,Vitória Guimarães SC,100.0,Trincão,Sporting Clube de Portugal,90.6,Rodrigo Abascal,Vitória Guimarães SC,DEF,100.0,635
GW 634,1,Extra MID,412.5,Anatolii Trubin,SL Benfica,75.4,Samuel Dahl,SL Benfica,87.7,Gabri Veiga,FC Porto,85.4,Luis Suárez,Sporting Clube de Portugal,79.7,Geovany Quenda,Sporting Clube de Portugal,MID,84.3,634
GW 633,1,Extra MID,455.2,Kasper Schmeichel,Celtic FC,71.7,Emmanuel Fernandez,Rangers FC,86.2,Marco Asensio,Fenerbahçe Spor Kulübü,100.0,Barış Yılmaz,Galatasaray Spor Kulübü,100.0,Arsenii Batahov,Trabzonspor Kulübü,MID,97.3,633
GW 632,1,Extra DEF,339.6,Alexander Schlager,FC Red Bull Salzburg,33.4,Davinson Sánchez,Galatasaray Spor Kulübü,96.1,Orkun Kökçü,Beşiktaş Jimnastik Kulübü,80.3,Bojan Miovski,Rangers FC,65.2,Gustaf Lagerbielke,Sporting Braga,DEF,64.6,632
GW 631,1,Extra FWD,431.7,Anatolii Trubin,SL Benfica,73.4,Nelson Semedo,Fenerbahçe Spor Kulübü,79.7,Nicolas Raskin,Rangers FC,89.9,Leroy Sané,Galatasaray Spor Kulübü,95.4,Oliver Antman,Rangers FC,FWD,93.3,631
GW 630,1,Extra MID,377.8,Anatolii Trubin,SL Benfica,36.8,Liam Scales,Celtic FC,79.9,N'Golo Kanté,Fenerbahçe Spor Kulübü,100.0,Victor Osimhen,Galatasaray Spor Kulübü,70.0,Kristjan Asllani,Beşiktaş Jimnastik Kulübü,MID,91.1,630
GW 629,1,Extra DEF,463.2,Jack Butland,Rangers FC,79.5,Liam Scales,Celtic FC,100.0,Morten Hjulmand,Sporting Clube de Portugal,89.5,Kerem Aktürkoğlu,Fenerbahçe Spor Kulübü,95.4,James Tavernier,Rangers FC,DEF,98.8,629
GW 628,1,Extra DEF,463.5,Ederson,Fenerbahçe Spor Kulübü,85.4,Tomás Araújo,SL Benfica,96.6,Rodrigo Zalazar,Sporting Braga,91.9,Victor Osimhen,Galatasaray Spor Kulübü,94.7,Aleksa Terzić,FC Red Bull Salzburg,DEF,94.9,628
GW 627,1,Extra DEF,452.0,André Onana,Trabzonspor Kulübü,73.3,Sidny Cabral,SL Benfica,97.3,Pedro Gonçalves,Sporting Clube de Portugal,100.0,Clement Bischoff,FC Red Bull Salzburg,90.7,Tomás Araújo,SL Benfica,DEF,90.7,627
GW 626,1,Extra DEF,449.5,Jack Butland,Rangers FC,87.5,Nasser Djiga,Rangers FC,100.0,Luke McCowan,Celtic FC,73.3,Benjamin Nygren,Celtic FC,99.3,Saracchi,Celtic FC,DEF,89.4,626
GW 625,1,Extra DEF,476.8,André Onana,Trabzonspor Kulübü,83.4,Chibuike Nwaiwu,Trabzonspor Kulübü,100.0,Gabriel Sara,Galatasaray Spor Kulübü,100.0,Vangelis Pavlidis,SL Benfica,93.4,Gustaf Lagerbielke,Sporting Braga,DEF,100.0,625
GW 624,1,Extra DEF,436.7,Ersin Destanoğlu,Beşiktaş Jimnastik Kulübü,70.3,Milan Škriniar,Fenerbahçe Spor Kulübü,93.0,Arne Engels,Celtic FC,88.2,Ricardo Horta,Sporting Braga,92.6,Liam Scales,Celtic FC,DEF,92.6,624
GW 623,1,Extra MID,382.5,Tarık Çetin,Fenerbahçe Spor Kulübü,51.9,Abdülkerim Bardakcı,Galatasaray Spor Kulübü,80.4,Thelonious Aasgaard,Rangers FC,84.9,Felipe Augusto,Trabzonspor Kulübü,82.9,Tochi Chukwuani,Rangers FC,MID,82.4,623
GW 622,1,Extra FWD,344.8,Uğurcan Çakır,Galatasaray Spor Kulübü,35.3,Thiago Silva,FC Porto,82.9,Geny Catamo,Sporting Clube de Portugal,60.0,Andreas Schjelderup,SL Benfica,86.6,Victor Osimhen,Galatasaray Spor Kulübü,FWD,80.0,622
GW 621,1,Extra MID,362.7,Diogo Costa,FC Porto,61.7,Jakub Kiwior,FC Porto,81.8,Victor Froholdt,FC Porto,72.3,Oğuz Aydın,Fenerbahçe Spor Kulübü,75.2,Nicolas Raskin,Rangers FC,MID,71.7,621
GW 620,1,Extra DEF,358.7,Kasper Schmeichel,Celtic FC,72.8,Emmanuel Agbadou,Beşiktaş Jimnastik Kulübü,70.0,Victor Froholdt,FC Porto,83.6,Oliver Antman,Rangers FC,70.4,Saracchi,Celtic FC,DEF,61.9,620
GW 619,1,Extra FWD,467.8,André Onana,Trabzonspor Kulübü,90.5,Stefan Savić,Trabzonspor Kulübü,100.0,Christ Inao Oulaï,Trabzonspor Kulübü,93.7,Paul Onuachu,Trabzonspor Kulübü,92.4,Souleymane Faye,Sporting Clube de Portugal,FWD,91.2,619
GW 618,1,Extra MID,404.1,Uğurcan Çakır,Galatasaray Spor Kulübü,82.7,Ismail Jakobs,Galatasaray Spor Kulübü,78.3,Florian Grillitsch,Sporting Braga,80.6,Kerem Aktürkoğlu,Fenerbahçe Spor Kulübü,84.9,İsmail Yüksek,Fenerbahçe Spor Kulübü,MID,77.6,618
GW 617,1,Extra DEF,471.5,Uğurcan Çakır,Galatasaray Spor Kulübü,94.4,Wagner Pina,Trabzonspor Kulübü,100.0,Tim Jabol-Folcarelli,Trabzonspor Kulübü,84.2,Nene Dorgeles,Fenerbahçe Spor Kulübü,100.0,Wilfried Singo,Galatasaray Spor Kulübü,DEF,92.9,617
GW 616,1,Extra DEF,457.8,Diogo Costa,FC Porto,75.5,Jakub Kiwior,FC Porto,100.0,Rafa,SL Benfica,100.0,Benjamin Nygren,Celtic FC,82.3,Nicolás Otamendi,SL Benfica,DEF,100.0,616
GW 615,1,Extra FWD,465.0,Diogo Costa,FC Porto,82.6,Nicolás Otamendi,SL Benfica,100.0,Gabri Veiga,FC Porto,92.6,Trincão,Sporting Clube de Portugal,100.0,Yunus Akgün,Galatasaray Spor Kulübü,FWD,89.8,615
GW 614,1,Extra MID,406.5,João Virgínia,Sporting Clube de Portugal,47.8,Nelson Semedo,Fenerbahçe Spor Kulübü,82.8,Enzo Barrenechea,SL Benfica,92.5,Trincão,Sporting Clube de Portugal,93.6,Geovany Quenda,Sporting Clube de Portugal,MID,89.8,614
GW 613,1,Extra DEF,433.5,Uğurcan Çakır,Galatasaray Spor Kulübü,76.8,Diogo Spencer,SL Benfica,96.5,Fred,Fenerbahçe Spor Kulübü,83.1,Barış Yılmaz,Galatasaray Spor Kulübü,87.3,Rodrigo Abascal,Vitória Guimarães SC,DEF,89.8,613
GW 612,1,Extra MID,420.0,Anatolii Trubin,SL Benfica,49.8,Derek Cornelius,Rangers FC,100.0,Kristjan Asllani,Beşiktaş Jimnastik Kulübü,88.2,Luis Suárez,Sporting Clube de Portugal,100.0,Thelonious Aasgaard,Rangers FC,MID,82.0,612
GW 611,1,Extra FWD,435.4,Alexander Schlager,FC Red Bull Salzburg,74.3,Gonçalo Inácio,Sporting Clube de Portugal,74.1,Nicolas Raskin,Rangers FC,87.0,Kerim-Sam Alajbegović,FC Red Bull Salzburg,100.0,Vangelis Pavlidis,SL Benfica,FWD,100.0,611
GW 610,1,Extra DEF,384.0,André Onana,Trabzonspor Kulübü,60.0,Zeno Debast,Sporting Clube de Portugal,100.0,Richard Ríos,SL Benfica,57.7,Andreas Schjelderup,SL Benfica,77.1,Nicolás Otamendi,SL Benfica,DEF,89.2,610
GW 609,1,Extra DEF,410.1,Jack Butland,Rangers FC,70.3,Abdülkerim Bardakcı,Galatasaray Spor Kulübü,86.9,Oleksandr Zubkov,Trabzonspor Kulübü,90.1,Roger Fernandes,Sporting Braga,78.6,Archibald Brown,Fenerbahçe Spor Kulübü,DEF,84.2,609
GW 608,1,Extra DEF,367.7,Kasper Schmeichel,Celtic FC,77.4,Liam Scales,Celtic FC,79.0,Orkun Kökçü,Beşiktaş Jimnastik Kulübü,65.9,Kerem Aktürkoğlu,Fenerbahçe Spor Kulübü,72.6,Cameron Carter-Vickers,Celtic FC,DEF,72.8,608
GW 607,1,Extra DEF,484.0,Uğurcan Çakır,Galatasaray Spor Kulübü,86.1,Dane Murray,Celtic FC,100.0,Pedro Gonçalves,Sporting Clube de Portugal,100.0,Leroy Sané,Galatasaray Spor Kulübü,97.9,Emmanuel Agbadou,Beşiktaş Jimnastik Kulübü,DEF,100.0,607
GW 606,1,Extra MID,386.0,Anatolii Trubin,SL Benfica,83.1,Nelson Semedo,Fenerbahçe Spor Kulübü,77.6,Milot Rashica,Beşiktaş Jimnastik Kulübü,85.3,Gabri Martínez,Sporting Braga,60.0,Rodrigo Zalazar,Sporting Braga,MID,80.0,606
GW 605,1,Extra DEF,463.3,Lukáš Horníček,Sporting Braga,79.4,Gonçalo Inácio,Sporting Clube de Portugal,100.0,Victor Froholdt,FC Porto,99.6,Barış Yılmaz,Galatasaray Spor Kulübü,84.3,Ricardo Mangas,Sporting Clube de Portugal,DEF,100.0,605
GW 604,1,Extra MID,416.8,Anatolii Trubin,SL Benfica,64.0,Paulo Oliveira,Sporting Braga,91.3,Fredrik Aursnes,SL Benfica,91.2,Andreas Schjelderup,SL Benfica,81.3,Rodrigo Zalazar,Sporting Braga,MID,89.0,604
GW 603,1,Extra FWD,471.5,Lukáš Horníček,Sporting Braga,91.7,Eren Elmalı,Galatasaray Spor Kulübü,95.8,Maurits Kjærgaard,FC Red Bull Salzburg,84.0,Barış Yılmaz,Galatasaray Spor Kulübü,100.0,Benjamin Nygren,Celtic FC,FWD,100.0,603
GW 602,1,Extra DEF,397.5,Anatolii Trubin,SL Benfica,66.4,Samuel Dahl,SL Benfica,100.0,Fredrik Aursnes,SL Benfica,86.7,Franjo Ivanović,SL Benfica,70.6,Nicolás Otamendi,SL Benfica,DEF,73.8,602
GW 601,1,Extra DEF,418.8,Kasper Schmeichel,Celtic FC,73.4,Alistair Johnston,Celtic FC,100.0,Tochi Chukwuani,Rangers FC,70.0,Yorbe Vertessen,FC Red Bull Salzburg,75.4,Liam Scales,Celtic FC,DEF,100.0,601
GW 600,1,Extra MID,363.6,Lukáš Horníček,Sporting Braga,60.0,Felix Uduokhai,Beşiktaş Jimnastik Kulübü,63.9,Maurits Kjærgaard,FC Red Bull Salzburg,100.0,Clement Bischoff,FC Red Bull Salzburg,77.3,Mads Bidstrup,FC Red Bull Salzburg,MID,62.4,600
GW 598,1,Extra DEF,418.6,Jack Butland,Rangers FC,77.7,John Souttar,Rangers FC,95.4,Nicolas Raskin,Rangers FC,79.7,Clement Bischoff,FC Red Bull Salzburg,80.6,Nasser Djiga,Rangers FC,DEF,85.2,598
GW 592,1,Extra DEF,323.6,Ederson,Fenerbahçe Spor Kulübü,30.2,António Silva,SL Benfica,97.9,Richard Ríos,SL Benfica,88.3,Leroy Sané,Galatasaray Spor Kulübü,42.5,Thiago Silva,FC Porto,DEF,64.7,592
GW 591,1,Extra FWD,370.9,Anatolii Trubin,SL Benfica,80.9,Nicolás Otamendi,SL Benfica,71.1,Fredrik Aursnes,SL Benfica,71.8,William,FC Porto,78.5,Andreas Schjelderup,SL Benfica,FWD,68.6,591
GW 590,1,Extra DEF,477.2,Anatolii Trubin,SL Benfica,82.6,Nicolás Otamendi,SL Benfica,100.0,Ilkay Gündogan,Galatasaray Spor Kulübü,96.7,Clement Bischoff,FC Red Bull Salzburg,100.0,Michael Murillo,Beşiktaş Jimnastik Kulübü,DEF,97.9,590
GW 589,1,Extra MID,457.8,Ederson,Fenerbahçe Spor Kulübü,77.0,Sacha Boey,Galatasaray Spor Kulübü,100.0,Edson Álvarez,Fenerbahçe Spor Kulübü,100.0,Roger Fernandes,Sporting Braga,83.7,Mads Bidstrup,FC Red Bull Salzburg,MID,97.1,589
GW 588,1,Extra DEF,431.4,Kasper Schmeichel,Celtic FC,80.7,Jakub Kiwior,FC Porto,100.0,Pablo Rosario,FC Porto,81.3,Oliver Antman,Rangers FC,69.9,Michael Murillo,Beşiktaş Jimnastik Kulübü,DEF,99.5,588
GW 587,1,Extra DEF,408.1,Ross Doohan,Celtic FC,62.0,John Souttar,Rangers FC,90.4,İsmail Yüksek,Fenerbahçe Spor Kulübü,82.6,Franjo Ivanović,SL Benfica,93.8,Stefan Savić,Trabzonspor Kulübü,DEF,79.3,587
GW 586,1,Extra FWD,250.7,Diogo Costa,FC Porto,52.0,Gonçalo Inácio,Sporting Clube de Portugal,51.2,Maximiliano Araújo,Sporting Clube de Portugal,40.5,Hyeongyu Oh,Beşiktaş Jimnastik Kulübü,66.7,Leroy Sané,Galatasaray Spor Kulübü,FWD,40.3,586
GW 585,1,Extra DEF,427.5,Mert Günok,Fenerbahçe Spor Kulübü,77.0,Kaan Ayhan,Galatasaray Spor Kulübü,93.8,Oleksandr Zubkov,Trabzonspor Kulübü,97.1,Victor Osimhen,Galatasaray Spor Kulübü,72.4,Ismail Jakobs,Galatasaray Spor Kulübü,DEF,87.2,585
GW 583,1,Extra MID,487.9,Ederson,Fenerbahçe Spor Kulübü,87.9,Ismail Jakobs,Galatasaray Spor Kulübü,100.0,Ilkay Gündogan,Galatasaray Spor Kulübü,100.0,Nene Dorgeles,Fenerbahçe Spor Kulübü,100.0,Victor Froholdt,FC Porto,MID,100.0,583
GW 581,1,Extra DEF,463.0,Diogo Costa,FC Porto,99.5,Jakub Kiwior,FC Porto,100.0,Maximiliano Araújo,Sporting Clube de Portugal,86.8,Edmund Baidoo,FC Red Bull Salzburg,82.7,Martim Fernandes,FC Porto,DEF,94.0,581
GW 580,1,Extra MID,398.3,Viljami Sinisalo,Celtic FC,54.3,Anthony Ralston,Celtic FC,77.2,Luke McCowan,Celtic FC,98.5,Václav Černý,Beşiktaş Jimnastik Kulübü,80.4,Nicolas Raskin,Rangers FC,MID,87.9,580
GW 579,1,Extra MID,468.7,Liam Kelly,Rangers FC,83.0,Milan Škriniar,Fenerbahçe Spor Kulübü,91.7,Nicolas Raskin,Rangers FC,100.0,Noa Lang,Galatasaray Spor Kulübü,97.7,Reo Hatate,Celtic FC,MID,96.3,579
GW 578,1,Extra FWD,206.2,André Onana,Trabzonspor Kulübü,28.3,Rômulo,Sporting Clube de Portugal,75.0,Richard Ríos,SL Benfica,39.4,Samy Merheg,Sporting Braga,32.4,Pau Víctor,Sporting Braga,FWD,31.1,578
GW 577,1,Extra DEF,469.9,Mert Günok,Fenerbahçe Spor Kulübü,83.2,John Mellberg,FC Red Bull Salzburg,100.0,Mohammed Diomandé,Rangers FC,96.4,Leroy Sané,Galatasaray Spor Kulübü,93.7,Eduardo Quaresma,Sporting Clube de Portugal,DEF,96.6,577
GW 576,1,Extra FWD,323.5,André Onana,Trabzonspor Kulübü,70.3,Leonardo Lelo,Sporting Braga,50.2,Gabri Veiga,FC Porto,35.7,Michel-Ange Balikwisha,Celtic FC,85.9,Luis Suárez,Sporting Clube de Portugal,FWD,81.4,576
GW 575,1,Extra MID,483.7,Viljami Sinisalo,Celtic FC,85.2,Alistair Johnston,Celtic FC,100.0,Rafa,SL Benfica,100.0,Trincão,Sporting Clube de Portugal,100.0,João Mendes,Vitória Guimarães SC,MID,98.5,575
GW 574,1,Extra MID,400.3,Alexander Schlager,FC Red Bull Salzburg,46.4,Jakub Kiwior,FC Porto,92.0,Soumaïla Diabaté,FC Red Bull Salzburg,100.0,Benjamin Nygren,Celtic FC,74.3,Mads Bidstrup,FC Red Bull Salzburg,MID,87.6,574
GW 573,1,Extra DEF,482.7,Anatolii Trubin,SL Benfica,87.0,Davinson Sánchez,Galatasaray Spor Kulübü,100.0,Gökhan Sazdağı,Beşiktaş Jimnastik Kulübü,100.0,Nene Dorgeles,Fenerbahçe Spor Kulübü,95.7,Michael Murillo,Beşiktaş Jimnastik Kulübü,DEF,100.0,573
GW 572,1,Extra MID,353.6,André Onana,Trabzonspor Kulübü,43.2,James Tavernier,Rangers FC,67.4,Mattéo Guendouzi,Fenerbahçe Spor Kulübü,98.0,Samy Merheg,Sporting Braga,65.5,Victor Froholdt,FC Porto,MID,79.5,572
GW 571,1,Extra FWD,462.2,Uğurcan Çakır,Galatasaray Spor Kulübü,72.4,Cameron Carter-Vickers,Celtic FC,100.0,Orkun Kökçü,Beşiktaş Jimnastik Kulübü,93.2,Noa Lang,Galatasaray Spor Kulübü,98.7,Benjamin Nygren,Celtic FC,FWD,97.9,571
GW 570,1,Extra MID,357.9,Liam Kelly,Rangers FC,91.0,James Tavernier,Rangers FC,69.0,Richard Ríos,SL Benfica,69.1,Djeidi Gassama,Rangers FC,68.2,Thelonious Aasgaard,Rangers FC,MID,60.6,570
GW 569,1,Extra MID,443.0,Ross Doohan,Celtic FC,79.1,Wagner Pina,Trabzonspor Kulübü,98.5,Talisca,Fenerbahçe Spor Kulübü,94.2,Oliver Antman,Rangers FC,86.5,Mads Bidstrup,FC Red Bull Salzburg,MID,84.7,569
GW 568,1,Extra FWD,385.5,Ederson,Fenerbahçe Spor Kulübü,66.0,António Silva,SL Benfica,69.0,Fredrik Aursnes,SL Benfica,79.8,Kerem Aktürkoğlu,Fenerbahçe Spor Kulübü,96.2,Vangelis Pavlidis,SL Benfica,FWD,74.5,568
GW 567,1,Extra DEF,454.0,Viljami Sinisalo,Celtic FC,75.7,John Souttar,Rangers FC,95.7,Rafa,SL Benfica,94.6,Ricardo Horta,Sporting Braga,92.8,Leonardo Lelo,Sporting Braga,DEF,95.2,567
GW 566,1,Extra FWD,359.8,André Onana,Trabzonspor Kulübü,35.0,Wagner Pina,Trabzonspor Kulübü,60.0,Gökhan Sazdağı,Beşiktaş Jimnastik Kulübü,100.0,Václav Černý,Beşiktaş Jimnastik Kulübü,100.0,Bojan Miovski,Rangers FC,FWD,64.8,566
GW 565,1,Extra DEF,431.5,Kasper Schmeichel,Celtic FC,70.7,Georgios Vagiannidis,Sporting Clube de Portugal,97.6,Kristjan Asllani,Beşiktaş Jimnastik Kulübü,98.2,Bojan Miovski,Rangers FC,76.8,Milan Škriniar,Fenerbahçe Spor Kulübü,DEF,88.2,565
GW 564,1,Extra FWD,416.9,Diogo Costa,FC Porto,87.4,Anthony Ralston,Celtic FC,79.0,Kochorashvili,Sporting Clube de Portugal,80.7,Oğuz Aydın,Fenerbahçe Spor Kulübü,88.7,Kerem Aktürkoğlu,Fenerbahçe Spor Kulübü,FWD,81.1,564
GW 563,1,Extra MID,458.3,Uğurcan Çakır,Galatasaray Spor Kulübü,98.5,Frans Krätzig,FC Red Bull Salzburg,86.1,Nicolas Raskin,Rangers FC,90.8,Luis Suárez,Sporting Clube de Portugal,92.7,Orkun Kökçü,Beşiktaş Jimnastik Kulübü,MID,90.2,563
GW 562,1,Extra DEF,395.8,André Onana,Trabzonspor Kulübü,39.5,Mert Müldür,Fenerbahçe Spor Kulübü,100.0,Borja Sainz,FC Porto,89.7,Felipe Augusto,Trabzonspor Kulübü,81.8,Nicolás Otamendi,SL Benfica,DEF,84.8,562
GW 561,1,Extra MID,463.4,Samuel Soares,SL Benfica,90.2,Leonardo Lelo,Sporting Braga,86.3,Enzo Barrenechea,SL Benfica,95.7,Oliver Antman,Rangers FC,100.0,Orkun Kökçü,Beşiktaş Jimnastik Kulübü,MID,91.2,561
GW 560,1,Extra MID,375.3,Jack Butland,Rangers FC,64.2,Nicolás Otamendi,SL Benfica,61.5,Mattéo Guendouzi,Fenerbahçe Spor Kulübü,86.8,Václav Černý,Beşiktaş Jimnastik Kulübü,79.7,Mohammed Diomandé,Rangers FC,MID,83.1,560
GW 559,1,Extra DEF,439.1,Diogo Costa,FC Porto,77.2,Gustaf Lagerbielke,Sporting Braga,99.4,Arsenii Batahov,Trabzonspor Kulübü,74.9,Yang Hyun-Jun,Celtic FC,91.1,Zeno Debast,Sporting Clube de Portugal,DEF,96.5,559
GW 558,1,Extra FWD,441.6,Ederson,Fenerbahçe Spor Kulübü,86.2,James Tavernier,Rangers FC,88.1,Arne Engels,Celtic FC,100.0,Daizen Maeda,Celtic FC,85.3,Sota Kitano,FC Red Bull Salzburg,FWD,82.0,558
GW 557,1,Extra DEF,460.4,Lukáš Horníček,Sporting Braga,83.3,Samuel Dahl,SL Benfica,100.0,Rafa,SL Benfica,91.9,Roger Fernandes,Sporting Braga,88.8,Gustaf Lagerbielke,Sporting Braga,DEF,96.4,557
GW 556,1,Extra DEF,423.8,Rui Silva,Sporting Clube de Portugal,81.1,Eduardo Quaresma,Sporting Clube de Portugal,100.0,Orkun Kökçü,Beşiktaş Jimnastik Kulübü,71.7,Luuk de Jong,FC Porto,82.4,Archibald Brown,Fenerbahçe Spor Kulübü,DEF,88.6,556
GW 555,1,Extra DEF,437.3,Ederson,Fenerbahçe Spor Kulübü,86.8,Auston Trusty,Celtic FC,94.5,Kartal Yılmaz,Beşiktaş Jimnastik Kulübü,78.9,Dodi Lukébakio,SL Benfica,89.3,Francisco Moura,FC Porto,DEF,87.8,555
GW 554,1,Extra DEF,424.5,Anatolii Trubin,SL Benfica,73.6,Nicolás Otamendi,SL Benfica,100.0,Geovany Quenda,Sporting Clube de Portugal,65.9,Sota Kitano,FC Red Bull Salzburg,99.6,Saracchi,Celtic FC,DEF,85.4,554
GW 553,1,Extra MID,473.9,Uğurcan Çakır,Galatasaray Spor Kulübü,95.0,Paulo Oliveira,Sporting Braga,98.6,Orkun Kökçü,Beşiktaş Jimnastik Kulübü,93.7,Roger Fernandes,Sporting Braga,100.0,Anthony Nwakaeme,Trabzonspor Kulübü,MID,86.6,553
GW 552,1,Extra DEF,458.7,Kasper Schmeichel,Celtic FC,66.1,Alistair Johnston,Celtic FC,100.0,Arne Engels,Celtic FC,99.5,Daizen Maeda,Celtic FC,93.1,Cameron Carter-Vickers,Celtic FC,DEF,100.0,552
GW 551,1,Extra DEF,467.9,Uğurcan Çakır,Galatasaray Spor Kulübü,94.1,James Tavernier,Rangers FC,100.0,Manu,SL Benfica,92.5,Daizen Maeda,Celtic FC,91.8,Anthony Ralston,Celtic FC,DEF,89.5,551
GW 550,1,Extra DEF,406.1,Lukáš Horníček,Sporting Braga,79.9,James Tavernier,Rangers FC,89.9,Nicolas Raskin,Rangers FC,78.4,Ricardo Horta,Sporting Braga,72.9,Víctor Gómez,Sporting Braga,DEF,85.0,550
GW 549,1,Extra DEF,385.7,Anatolii Trubin,SL Benfica,73.7,Nicolás Otamendi,SL Benfica,80.3,Orkun Kökçü,Beşiktaş Jimnastik Kulübü,75.8,Vangelis Pavlidis,SL Benfica,77.9,Saracchi,Celtic FC,DEF,78.0,549
GW 548,1,Extra DEF,453.1,Ederson,Fenerbahçe Spor Kulübü,77.2,Davinson Sánchez,Galatasaray Spor Kulübü,93.6,Alan Varela,FC Porto,100.0,Oğuz Aydın,Fenerbahçe Spor Kulübü,94.6,Ousmane Diomande,Sporting Clube de Portugal,DEF,87.7,548
GW 547,1,Extra DEF,447.6,Kasper Schmeichel,Celtic FC,78.5,Wilfried Singo,Galatasaray Spor Kulübü,92.5,Rafa,SL Benfica,100.0,Barış Yılmaz,Galatasaray Spor Kulübü,87.0,Nasser Djiga,Rangers FC,DEF,89.6,547
GW 546,1,Extra MID,468.6,Ederson,Fenerbahçe Spor Kulübü,82.5,Nicolás Otamendi,SL Benfica,94.4,Arsenii Batahov,Trabzonspor Kulübü,100.0,Ahmed Kutucu,Galatasaray Spor Kulübü,91.7,Leandro Barreiro,SL Benfica,MID,100.0,546
GW 545,1,Extra DEF,415.7,Liam Kelly,Rangers FC,82.0,Rıdvan Yılmaz,Beşiktaş Jimnastik Kulübü,90.6,Luke McCowan,Celtic FC,69.1,Leroy Sané,Galatasaray Spor Kulübü,93.7,Alistair Johnston,Celtic FC,DEF,80.3,545
GW 544,1,Extra MID,472.8,Ross Doohan,Celtic FC,89.0,Mert Müldür,Fenerbahçe Spor Kulübü,94.4,Edin Višća,Trabzonspor Kulübü,100.0,Yang Hyun-Jun,Celtic FC,89.4,Mohammed Diomandé,Rangers FC,MID,100.0,544
GW 543,1,Extra DEF,399.6,Kasper Schmeichel,Celtic FC,71.2,Cameron Carter-Vickers,Celtic FC,92.1,Callum McGregor,Celtic FC,72.3,Daizen Maeda,Celtic FC,82.4,Auston Trusty,Celtic FC,DEF,81.6,543
GW 542,1,Extra DEF,425.1,Kasper Schmeichel,Celtic FC,74.4,Auston Trusty,Celtic FC,97.6,Arne Engels,Celtic FC,79.2,Ahmed Kutucu,Galatasaray Spor Kulübü,78.0,Kaan Ayhan,Galatasaray Spor Kulübü,DEF,95.9,542
GW 541,1,Extra FWD,362.6,Liam Kelly,Rangers FC,60.9,Rıdvan Yılmaz,Beşiktaş Jimnastik Kulübü,73.5,Nicolas Raskin,Rangers FC,88.5,Djeidi Gassama,Rangers FC,79.7,Anthony Musaba,Fenerbahçe Spor Kulübü,FWD,60.0,541
GW 540,1,Extra DEF,431.5,Diogo Costa,FC Porto,69.5,Alberto Costa,FC Porto,100.0,Paulo Bernardo,Celtic FC,85.5,Roger Fernandes,Sporting Braga,76.8,Nehuen Pérez,FC Porto,DEF,99.7,540
GW 539,1,Extra DEF,431.6,Kasper Schmeichel,Celtic FC,62.0,Anthony Ralston,Celtic FC,100.0,Callum McGregor,Celtic FC,88.7,Andreas Skov Olsen,Rangers FC,80.9,Liam Scales,Celtic FC,DEF,100.0,539
GW 538,1,Extra FWD,453.6,Uğurcan Çakır,Galatasaray Spor Kulübü,78.4,Liam Scales,Celtic FC,99.2,Rodrigo Mora,FC Porto,80.0,Yunus Akgün,Galatasaray Spor Kulübü,100.0,Victor Osimhen,Galatasaray Spor Kulübü,FWD,96.0,538
GW 536,1,Extra DEF,452.7,Alexander Schlager,FC Red Bull Salzburg,65.8,Aleksa Terzić,FC Red Bull Salzburg,100.0,Manu,SL Benfica,95.0,Trincão,Sporting Clube de Portugal,95.4,Sikou Niakaté,Sporting Braga,DEF,96.5,536
GW 535,1,Extra DEF,431.3,Anatolii Trubin,SL Benfica,73.6,Alberto Costa,FC Porto,100.0,Tochi Chukwuani,Rangers FC,88.1,Fotis Ioannidis,Sporting Clube de Portugal,76.8,James Tavernier,Rangers FC,DEF,92.8,535
GW 534,1,Extra FWD,470.9,Kasper Schmeichel,Celtic FC,96.4,Emmanuel Agbadou,Beşiktaş Jimnastik Kulübü,100.0,James Forrest,Celtic FC,78.7,Roger Fernandes,Sporting Braga,100.0,Noa Lang,Galatasaray Spor Kulübü,FWD,95.8,534
GW 533,1,Extra MID,469.6,Kasper Schmeichel,Celtic FC,79.2,James Tavernier,Rangers FC,100.0,Richard Ríos,SL Benfica,100.0,Václav Černý,Beşiktaş Jimnastik Kulübü,94.6,Nicolas Raskin,Rangers FC,MID,95.8,533
GW 532,1,Extra DEF,468.7,Anatolii Trubin,SL Benfica,81.6,Liam Scales,Celtic FC,100.0,Luke McCowan,Celtic FC,100.0,Oğuz Aydın,Fenerbahçe Spor Kulübü,91.1,James Tavernier,Rangers FC,DEF,96.0,532
GW 531,1,Extra MID,411.6,Mert Günok,Fenerbahçe Spor Kulübü,54.5,Sikou Niakaté,Sporting Braga,85.7,Borja Sainz,FC Porto,97.8,Luis Suárez,Sporting Clube de Portugal,83.6,Richard Ríos,SL Benfica,MID,90.0,531
GW 530,1,Extra FWD,448.9,Uğurcan Çakır,Galatasaray Spor Kulübü,79.7,Cameron Carter-Vickers,Celtic FC,93.7,Mario Lemina,Galatasaray Spor Kulübü,88.2,Václav Černý,Beşiktaş Jimnastik Kulübü,100.0,Oğuz Aydın,Fenerbahçe Spor Kulübü,FWD,87.3,530
GW 529,1,Extra MID,311.5,Ederson,Fenerbahçe Spor Kulübü,42.1,Nicolás Otamendi,SL Benfica,67.1,Orkun Kökçü,Beşiktaş Jimnastik Kulübü,70.4,Noa Lang,Galatasaray Spor Kulübü,67.4,Nedim Bajrami,Rangers FC,MID,64.5,529
GW 528,1,Extra DEF,387.2,Kasper Schmeichel,Celtic FC,98.1,John Souttar,Rangers FC,77.0,Morten Hjulmand,Sporting Clube de Portugal,68.0,Yunus Akgün,Galatasaray Spor Kulübü,72.6,Eren Elmalı,Galatasaray Spor Kulübü,DEF,71.5,528
GW 527,1,Extra MID,342.7,Alexander Schlager,FC Red Bull Salzburg,66.5,Liam Scales,Celtic FC,66.5,N'Golo Kanté,Fenerbahçe Spor Kulübü,85.0,Bojan Miovski,Rangers FC,43.7,Hidemasa Morita,Sporting Clube de Portugal,MID,81.0,527
GW 526,1,Extra DEF,461.7,Kasper Schmeichel,Celtic FC,93.4,Adrian Barišić,Sporting Braga,94.9,Marco Asensio,Fenerbahçe Spor Kulübü,91.2,Benjamin Nygren,Celtic FC,89.2,Tomás Araújo,SL Benfica,DEF,93.0,526
GW 525,1,Extra MID,447.6,André Onana,Trabzonspor Kulübü,80.1,Gustaf Lagerbielke,Sporting Braga,84.8,Manu,SL Benfica,100.0,Václav Černý,Beşiktaş Jimnastik Kulübü,88.3,Talisca,Fenerbahçe Spor Kulübü,MID,94.4,525
GW 524,1,Extra DEF,424.3,Diogo Costa,FC Porto,85.1,Martim Fernandes,FC Porto,90.4,Okay Yokuşlu,Trabzonspor Kulübü,82.0,Trincão,Sporting Clube de Portugal,82.7,Saracchi,Celtic FC,DEF,84.1,524
GW 523,1,Extra DEF,359.9,Jack Butland,Rangers FC,75.5,Auston Trusty,Celtic FC,80.8,Arne Engels,Celtic FC,87.2,Yang Hyun-Jun,Celtic FC,43.4,Alistair Johnston,Celtic FC,DEF,73.0,523
GW 522,1,Extra FWD,472.9,Rui Silva,Sporting Clube de Portugal,83.8,Alistair Johnston,Celtic FC,100.0,Ege Tıknaz,Sporting Braga,93.5,Kerem Aktürkoğlu,Fenerbahçe Spor Kulübü,100.0,Samu Omorodion,FC Porto,FWD,95.6,522
GW 521,1,Extra DEF,466.4,Kasper Schmeichel,Celtic FC,90.0,Felix Uduokhai,Beşiktaş Jimnastik Kulübü,100.0,Manu,SL Benfica,79.0,Václav Černý,Beşiktaş Jimnastik Kulübü,97.4,Gonçalo Inácio,Sporting Clube de Portugal,DEF,100.0,521
GW 520,1,Extra DEF,419.2,Mert Günok,Fenerbahçe Spor Kulübü,66.0,John Souttar,Rangers FC,95.0,Reo Hatate,Celtic FC,80.1,Luis Suárez,Sporting Clube de Portugal,90.7,Eren Elmalı,Galatasaray Spor Kulübü,DEF,87.4,520
GW 519,1,Extra DEF,309.3,Ederson,Fenerbahçe Spor Kulübü,67.0,Davinson Sánchez,Galatasaray Spor Kulübü,84.9,Richard Ríos,SL Benfica,48.6,Andreas Skov Olsen,Rangers FC,35.0,Nicolás Otamendi,SL Benfica,DEF,73.8,519
GW 518,1,Extra DEF,426.4,Anatolii Trubin,SL Benfica,72.8,Milan Škriniar,Fenerbahçe Spor Kulübü,91.3,Kristjan Asllani,Beşiktaş Jimnastik Kulübü,100.0,Kerem Aktürkoğlu,Fenerbahçe Spor Kulübü,87.9,Abdülkerim Bardakcı,Galatasaray Spor Kulübü,DEF,74.4,518
GW 517,1,Extra MID,380.2,Alexander Schlager,FC Red Bull Salzburg,64.6,Liam Scales,Celtic FC,90.1,Mattéo Guendouzi,Fenerbahçe Spor Kulübü,82.4,Vangelis Pavlidis,SL Benfica,70.0,Hidemasa Morita,Sporting Clube de Portugal,MID,73.1,517
GW 516,1,Extra DEF,456.0,Jack Butland,Rangers FC,66.1,Chibuike Nwaiwu,Trabzonspor Kulübü,100.0,Maho Dorgeles,Sporting Braga,98.6,Yáser Asprilla,Galatasaray Spor Kulübü,94.3,Dominik Prpić,FC Porto,DEF,97.0,516
GW 515,1,Extra DEF,448.0,Anatolii Trubin,SL Benfica,67.1,Davinson Sánchez,Galatasaray Spor Kulübü,100.0,Ilkay Gündogan,Galatasaray Spor Kulübü,98.2,Yunus Akgün,Galatasaray Spor Kulübü,83.6,Alexander Bah,SL Benfica,DEF,99.1,515
GW 514,1,Extra MID,465.6,Jack Butland,Rangers FC,83.4,Zeno Debast,Sporting Clube de Portugal,86.4,Borja Sainz,FC Porto,100.0,Franjo Ivanović,SL Benfica,95.8,Paulo Bernardo,Celtic FC,MID,100.0,514
GW 513,1,Extra DEF,408.4,Jack Butland,Rangers FC,60.0,T. Strata,Vitória Guimarães SC,87.8,Nedim Bajrami,Rangers FC,96.4,Bruma,SL Benfica,86.1,James Tavernier,Rangers FC,DEF,78.1,513
GW 512,1,Extra DEF,460.8,André Onana,Trabzonspor Kulübü,77.6,Wilfried Singo,Galatasaray Spor Kulübü,100.0,Milot Rashica,Beşiktaş Jimnastik Kulübü,98.0,Bruma,SL Benfica,89.5,António Silva,SL Benfica,DEF,95.7,512
GW 511,1,Extra MID,452.2,Ederson,Fenerbahçe Spor Kulübü,76.7,Liam Scales,Celtic FC,97.0,Arne Engels,Celtic FC,100.0,Barış Yılmaz,Galatasaray Spor Kulübü,89.0,Anthony Nwakaeme,Trabzonspor Kulübü,MID,89.5,511
GW 510,1,Extra DEF,477.8,André Onana,Trabzonspor Kulübü,88.0,Abdülkerim Bardakcı,Galatasaray Spor Kulübü,100.0,Gabriel Sara,Galatasaray Spor Kulübü,91.6,Trincão,Sporting Clube de Portugal,98.2,Felix Uduokhai,Beşiktaş Jimnastik Kulübü,DEF,100.0,510
GW 509,1,Extra MID,341.1,Anatolii Trubin,SL Benfica,29.6,Adrian Barišić,Sporting Braga,59.4,Kochorashvili,Sporting Clube de Portugal,94.9,Václav Černý,Beşiktaş Jimnastik Kulübü,68.6,Hidemasa Morita,Sporting Clube de Portugal,MID,88.6,509
GW 508,1,Extra FWD,411.7,Kasper Schmeichel,Celtic FC,72.0,Zeno Debast,Sporting Clube de Portugal,74.0,N'Golo Kanté,Fenerbahçe Spor Kulübü,82.4,Kerem Aktürkoğlu,Fenerbahçe Spor Kulübü,100.0,Fotis Ioannidis,Sporting Clube de Portugal,FWD,83.3,508
GW 507,1,Extra DEF,349.3,Kasper Schmeichel,Celtic FC,63.8,Milan Škriniar,Fenerbahçe Spor Kulübü,85.9,Morten Hjulmand,Sporting Clube de Portugal,60.0,Andreas Skov Olsen,Rangers FC,71.5,Nicolás Otamendi,SL Benfica,DEF,68.1,507
GW 506,1,Extra DEF,456.5,Uğurcan Çakır,Galatasaray Spor Kulübü,87.1,Alistair Johnston,Celtic FC,95.5,Mario Lemina,Galatasaray Spor Kulübü,95.3,Andreas Skov Olsen,Rangers FC,88.6,Emmanuel Agbadou,Beşiktaş Jimnastik Kulübü,DEF,90.0,506
GW 505,1,Extra FWD,400.9,Rui Silva,Sporting Clube de Portugal,66.5,Nasser Djiga,Rangers FC,69.1,Rafa,SL Benfica,100.0,Gabri Martínez,Sporting Braga,83.6,Ricardo Horta,Sporting Braga,FWD,81.7,505
GW 504,1,Extra DEF,458.1,Jack Butland,Rangers FC,73.8,Alistair Johnston,Celtic FC,100.0,Reo Hatate,Celtic FC,100.0,Gabri Martínez,Sporting Braga,84.3,Gonçalo Inácio,Sporting Clube de Portugal,DEF,100.0,504
GW 503,1,Extra MID,427.9,Uğurcan Çakır,Galatasaray Spor Kulübü,72.6,Thiago Silva,FC Porto,95.0,Vítor Carvalho,Sporting Braga,95.5,Fotis Ioannidis,Sporting Clube de Portugal,75.1,Rodrigo Zalazar,Sporting Braga,MID,89.7,503
GW 502,1,Extra MID,443.1,André Onana,Trabzonspor Kulübü,76.5,Alexander Bah,SL Benfica,90.5,Pedro Gonçalves,Sporting Clube de Portugal,100.0,Clement Bischoff,FC Red Bull Salzburg,84.5,Daniel Bragança,Sporting Clube de Portugal,MID,91.6,502
GW 501,1,Extra MID,384.4,Uğurcan Çakır,Galatasaray Spor Kulübü,53.5,Víctor Gómez,Sporting Braga,94.1,Manu,SL Benfica,87.5,Nene Dorgeles,Fenerbahçe Spor Kulübü,70.4,Vítor Carvalho,Sporting Braga,MID,78.9,501
GW 500,1,Extra DEF,469.6,Uğurcan Çakır,Galatasaray Spor Kulübü,84.4,Cameron Carter-Vickers,Celtic FC,100.0,Lucas Torreira,Galatasaray Spor Kulübü,97.0,Andreas Skov Olsen,Rangers FC,88.2,James Tavernier,Rangers FC,DEF,100.0,500
GW 499,1,Extra FWD,367.8,Uğurcan Çakır,Galatasaray Spor Kulübü,51.6,Ricardo Mangas,Sporting Clube de Portugal,81.3,Maurits Kjærgaard,FC Red Bull Salzburg,94.9,Clement Bischoff,FC Red Bull Salzburg,74.2,Nélson Oliveira,Vitória Guimarães SC,FWD,65.8,499
GW 498,1,Extra MID,448.2,Jack Butland,Rangers FC,78.2,Liam Scales,Celtic FC,100.0,Luke McCowan,Celtic FC,91.9,Sebastian Tounekti,Celtic FC,87.4,Maho Dorgeles,Sporting Braga,MID,90.7,498
GW 497,1,Extra MID,350.2,Uğurcan Çakır,Galatasaray Spor Kulübü,60.0,Ricardo Mangas,Sporting Clube de Portugal,70.0,Victor Froholdt,FC Porto,90.2,Amine El Ouazzani,Sporting Braga,60.0,Rodrigo Zalazar,Sporting Braga,MID,70.0,497
