player_id,player_name,team,position,games,avg_score,median_score,score_volatility,score_floor,score_ceiling,recent_form,longer_form,form_delta,consistency_index,score_per_eur
nicolas-hernan-otamendi,Nicolás Otamendi,SL Benfica,DEF,118,56.88728813559322,60.7,27.47286943470044,0.0,100.0,44.8,32.72666666666667,12.07333333333333,1.9979471428427082,
benjamin-nygren,Benjamin Nygren,Celtic FC,FWD,92,56.44347826086957,51.65,20.712682871245747,0.0,100.0,53.120000000000005,58.77333333333333,-5.653333333333329,2.5995625964591436,
orkun-kokcu,Orkun Kökçü,Beşiktaş Jimnastik Kulübü,MID,108,56.175925925925924,54.85,25.72681742168407,0.0,100.0,63.7,65.24666666666667,-1.5466666666666669,2.101856163403471,
callum-mcgregor,Callum McGregor,Celtic FC,MID,98,55.0969387755102,53.25,18.72526521955309,0.0,100.0,48.300000000000004,47.86666666666667,0.4333333333333371,2.793216626608102,
francisco-antonio-machado-mota-de-castro-trincao,Trincão,Sporting Clube de Portugal,FWD,108,55.00277777777778,54.1,25.309295910822126,0.0,100.0,52.36,55.220000000000006,-2.8600000000000065,2.090621427658686,
n-golo-kante,N'Golo Kanté,Fenerbahçe Spor Kulübü,MID,30,53.53,55.95,24.98649497297456,0.0,100.0,58.08,59.38666666666666,-1.3066666666666649,2.0599161239586232,
luis-javier-suarez-charris,Luis Suárez,Sporting Clube de Portugal,FWD,100,53.379,60.0,25.341889683432704,0.0,100.0,58.980000000000004,49.72666666666667,9.253333333333337,2.026392208056806,
james-tavernier,James Tavernier,Rangers FC,DEF,104,53.377884615384616,51.85,28.896836783015313,0.0,100.0,25.080000000000002,43.14666666666667,-18.066666666666666,1.7854024157401533,
muhammed-kerem-akturkoglu,Kerem Aktürkoğlu,Fenerbahçe Spor Kulübü,FWD,117,52.35384615384615,48.1,23.144883021514193,0.0,100.0,64.5,52.019999999999996,12.480000000000004,2.1683205550093776,
ricardo-jorge-luz-horta,Ricardo Horta,Sporting Braga,FWD,103,52.33398058252427,47.7,24.493646848936233,0.0,100.0,7.5200000000000005,37.68666666666666,-30.16666666666666,2.0528244112202407,
vaclav-cerny,Václav Černý,Beşiktaş Jimnastik Kulübü,FWD,101,51.5019801980198,48.6,23.591701847039435,0.0,100.0,41.44,46.98,-5.539999999999999,2.0942828812077545,
nicolas-raskin,Nicolas Raskin,Rangers FC,MID,116,50.938793103448276,50.55,25.65033018365913,0.0,100.0,42.06,49.00666666666667,-6.946666666666665,1.911375684744117,
evangelos-pavlidis,Vangelis Pavlidis,SL Benfica,FWD,116,50.824999999999996,40.6,20.808087370058786,0.0,100.0,33.54,39.4,-5.859999999999999,2.330557427506445,
diogo-meireles-costa,Diogo Costa,FC Porto,GK,109,50.263302752293576,47.6,22.334782956894088,0.0,99.5,45.56,48.46,-2.8999999999999986,2.1540077250833676,
davinson-sanchez-mina,Davinson Sánchez,Galatasaray Spor Kulübü,DEF,109,49.44770642201835,53.5,27.39434449720476,0.0,100.0,43.52,47.71333333333333,-4.193333333333328,1.7414632138060506,
abdulkerim-bardakci,Abdülkerim Bardakcı,Galatasaray Spor Kulübü,DEF,110,49.29363636363637,54.6,23.492592145996042,0.0,100.0,50.940000000000005,43.03999999999999,7.900000000000013,2.0125936883203566,
lucas-torreira-di-pascua,Lucas Torreira,Galatasaray Spor Kulübü,MID,96,49.104166666666664,49.9,23.94768823769477,0.0,97.0,55.08,48.95333333333333,6.126666666666665,1.9682852454630488,
oleksandr-zubkov,Oleksandr Zubkov,Trabzonspor Kulübü,MID,70,48.994285714285716,45.349999999999994,23.914139203204194,0.0,99.2,52.220000000000006,40.29333333333333,11.926666666666677,1.966525325827215,
rafael-alexandre-fernandes-ferreira-da-silva,Rafa,SL Benfica,MID,89,48.96179775280899,44.9,25.9814378915636,0.0,100.0,57.15999999999999,50.18666666666666,6.973333333333329,1.8146474605831915,
djeidi-gassama,Djeidi Gassama,Rangers FC,FWD,99,48.544444444444444,42.4,17.51503273996615,0.0,84.1,45.120000000000005,47.78666666666666,-2.666666666666657,2.621893524371548,
victor-mow-froholdt,Victor Froholdt,FC Porto,MID,105,48.40190476190476,42.8,20.833949646561447,0.0,100.0,44.5,52.96666666666667,-8.466666666666669,2.2168185575864148,
nene-dorgeles,Nene Dorgeles,Fenerbahçe Spor Kulübü,FWD,109,48.214678899082564,46.3,23.412100486746066,0.0,100.0,33.46,44.36666666666667,-10.906666666666666,1.9750319692997949,
goncalo-bernardo-inacio,Gonçalo Inácio,Sporting Clube de Portugal,DEF,104,48.00096153846154,49.05,29.397822042015974,0.0,100.0,40.46,39.88,0.5799999999999983,1.579092129433301,
morten-hjulmand,Morten Hjulmand,Sporting Clube de Portugal,MID,107,47.913084112149534,50.9,25.00238888251442,0.0,100.0,9.28,40.4,-31.119999999999997,1.8426416252996352,
victor-james-osimhen,Victor Osimhen,Galatasaray Spor Kulübü,FWD,106,47.76792452830188,60.0,30.17749886183669,0.0,96.0,38.0,40.873333333333335,-2.873333333333335,1.5321281780807943,
liam-scales,Liam Scales,Celtic FC,DEF,112,47.26428571428572,48.5,30.888753768889895,0.0,100.0,48.2,46.8,1.4000000000000057,1.4821615813784457,
ugurcan-cakir,Uğurcan Çakır,Galatasaray Spor Kulübü,GK,103,47.25728155339806,46.3,27.197183396345668,0.0,98.5,33.53999999999999,54.17333333333333,-20.63333333333334,1.675957519910395,
chibuike-godfrey-nwaiwu,Chibuike Nwaiwu,Trabzonspor Kulübü,DEF,67,47.01044776119403,49.1,26.077792330386696,0.0,100.0,47.08,50.00666666666667,-2.9266666666666694,1.7361255743304784,
jan-bednarek,Jan Bednarek,FC Porto,DEF,100,46.907,49.25,25.42587266958798,0.0,100.0,47.75999999999999,50.166666666666664,-2.4066666666666734,1.7750407181058798,
anatolii-trubin,Anatolii Trubin,SL Benfica,GK,116,46.8948275862069,46.5,22.63334917224191,0.0,87.0,54.34000000000001,45.20000000000001,9.14,1.984264999616995,
fredrik-aursnes,Fredrik Aursnes,SL Benfica,MID,98,46.875510204081635,45.0,23.0714401984313,0.0,91.2,47.2,30.980000000000004,16.22,1.947349631665846,
noah-jose-saviolo,Noah Saviolo,Vitória Guimarães SC,FWD,30,46.75333333333333,44.75,14.493226321126787,30.8,92.4,38.56,46.21333333333333,-7.653333333333329,3.017662839506824,
anderson-souza-conceicao,Talisca,Fenerbahçe Spor Kulübü,MID,75,46.473333333333336,42.6,25.90572478384993,0.0,96.3,66.44,39.580000000000005,26.859999999999992,1.7272656175100995,
maximiliano-javier-araujo-vilches,Maximiliano Araújo,Sporting Clube de Portugal,MID,106,45.890566037735844,43.45,22.171906412446003,0.0,100.0,55.7,43.333333333333336,12.366666666666667,1.9804398145284794,
gabriel-davi-gomes-sara,Gabriel Sara,Galatasaray Spor Kulübü,MID,96,45.817708333333336,44.55,26.34257708206548,0.0,100.0,22.82,30.780000000000005,-7.960000000000004,1.6756909268580265,
victor-gomez-perea,Víctor Gómez,Sporting Braga,DEF,101,45.718811881188124,47.5,24.120678733697712,0.0,94.1,41.44000000000001,44.95333333333333,-3.513333333333321,1.8199672216602727,
borja-sainz-eguskiza,Borja Sainz,FC Porto,MID,92,45.38804347826087,40.35,23.38522047767131,0.0,100.0,25.98,35.17999999999999,-9.199999999999992,1.8612931353161684,
baris-alper-yilmaz,Barış Yılmaz,Galatasaray Spor Kulübü,FWD,112,45.34196428571429,41.95,25.51340449096188,0.0,100.0,53.02,50.58666666666667,2.43333333333333,1.7101524740502811,
leroy-sane,Leroy Sané,Galatasaray Spor Kulübü,FWD,108,45.32314814814814,43.85,24.7205072328018,0.0,97.9,52.760000000000005,35.32,17.440000000000005,1.7621405261536507,
kasper-schmeichel,Kasper Schmeichel,Celtic FC,GK,114,45.27105263157895,44.25,28.39605395645829,0.0,98.1,0.0,7.8533333333333335,-7.8533333333333335,1.5400384248387506,
geny-cipriano-catamo,Geny Catamo,Sporting Clube de Portugal,MID,101,45.255445544554455,42.9,22.38526959966095,0.0,95.8,46.5,51.99333333333334,-5.493333333333339,1.935211623355011,
gabriel-veiga-novas,Gabri Veiga,FC Porto,MID,62,45.20161290322581,44.25,22.16427854132716,0.0,92.6,53.739999999999995,47.6,6.1399999999999935,1.9513499124344433,
matteo-guendouzi-olie,Mattéo Guendouzi,Fenerbahçe Spor Kulübü,MID,100,45.199,47.3,23.74222464962227,0.0,100.0,40.1,55.593333333333334,-15.493333333333332,1.8267961204001935,
soumaila-diabate,Soumaïla Diabaté,FC Red Bull Salzburg,MID,75,44.962666666666664,45.7,22.35086172432329,0.0,100.0,36.7,34.440000000000005,2.259999999999998,1.925524941969553,
frederico-rodrigues-santos,Fred,Fenerbahçe Spor Kulübü,MID,98,44.737755102040815,45.4,25.120310570450776,0.0,99.5,44.519999999999996,36.96666666666667,7.5533333333333275,1.7127573954902153,
daizen-maeda,Daizen Maeda,Celtic FC,FWD,113,44.72300884955752,41.8,23.731233220203848,0.0,93.1,66.12,45.69333333333334,20.426666666666662,1.80836145336342,
roger-fernandes,Roger Fernandes,Sporting Braga,FWD,72,44.170833333333334,42.05,25.63051898657393,0.0,100.0,52.31999999999999,44.93333333333332,7.38666666666667,1.6586546193712015,
arne-engels,Arne Engels,Celtic FC,MID,102,43.932352941176475,43.55,24.779431592601494,0.0,100.0,42.84,17.060000000000002,25.78,1.7041629790543844,
jack-butland,Jack Butland,Rangers FC,GK,104,43.57788461538462,40.8,25.44001113119822,0.0,93.9,29.779999999999994,39.54,-9.760000000000005,1.6481795109369055,
eduardo-gabriel-aquino-cossa,Pepê,FC Porto,FWD,93,43.5,43.6,19.66361128317106,0.0,81.0,38.760000000000005,42.46666666666667,-3.7066666666666634,2.105149937437482,
hyun-gyu-oh,Hyeongyu Oh,Beşiktaş Jimnastik Kulübü,FWD,102,43.3156862745098,37.45,20.672274181168213,0.0,85.5,52.82000000000001,52.24666666666667,0.5733333333333377,1.9986682483072449,
mads-bidstrup,Mads Bidstrup,FC Red Bull Salzburg,MID,93,43.30430107526882,47.5,25.20388994294719,0.0,97.1,28.559999999999995,45.55333333333333,-16.993333333333332,1.6525905569575263,
yunus-akgun,Yunus Akgün,Galatasaray Spor Kulübü,FWD,106,43.17830188679245,42.75,28.66465886008657,0.0,100.0,64.16,37.96666666666667,26.193333333333328,1.4555468879801723,
richard-rios-montoya,Richard Ríos,SL Benfica,MID,111,42.86486486486486,44.0,25.297893008378992,0.0,100.0,47.56,52.07333333333334,-4.513333333333335,1.629973353804707,
mohammed-diomande,Mohammed Diomandé,Rangers FC,MID,109,42.85871559633028,42.5,23.438324152459636,0.0,100.0,44.48,36.9,7.579999999999998,1.7537501887999423,
noa-lang,Noa Lang,Galatasaray Spor Kulübü,FWD,107,42.814018691588785,41.6,26.93484608639449,0.0,98.7,45.66000000000001,33.96666666666667,11.693333333333342,1.5326384315552435,
mehmet-umut-nayir,Umut Nayir,Trabzonspor Kulübü,FWD,72,42.58611111111111,38.650000000000006,20.26597304687777,0.0,89.9,40.4,37.2,3.1999999999999957,2.002547027461954,
franjo-ivanovic,Franjo Ivanović,SL Benfica,FWD,114,41.794736842105266,37.9,23.645976072968725,0.0,95.8,49.6,35.519999999999996,14.080000000000005,1.6958036767691664,
ilkay-gundogan,Ilkay Gündogan,Galatasaray Spor Kulübü,MID,97,41.53092783505155,41.2,25.499854414718165,0.0,100.0,32.32,28.319999999999997,4.0000000000000036,1.5672134338966424,
reo-hatate,Reo Hatate,Celtic FC,MID,106,41.37641509433962,40.25,23.25075954473334,0.0,100.0,21.900000000000006,31.706666666666667,-9.806666666666661,1.706190481086418,
andre-onana,André Onana,Trabzonspor Kulübü,GK,93,41.13333333333333,41.0,23.50131047841585,0.0,90.5,38.76,45.06666666666667,-6.306666666666672,1.6788217662712073,
emmanuel-agbadou,Emmanuel Agbadou,Beşiktaş Jimnastik Kulübü,DEF,88,41.09431818181818,44.599999999999994,30.25353539881714,0.0,100.0,47.620000000000005,48.54666666666666,-0.9266666666666552,1.3148694270080399,
alan-varela,Alan Varela,FC Porto,MID,95,41.066315789473684,43.1,20.238569721383506,0.0,100.0,35.42,39.82,-4.399999999999999,1.933572567653985,
marco-asensio-willemsen,Marco Asensio,Fenerbahçe Spor Kulübü,MID,90,40.98444444444444,42.0,28.954846331700406,0.0,100.0,7.94,43.54,-35.6,1.3682074676868468,
leonardo-filipe-cruz-lelo,Leonardo Lelo,Sporting Braga,DEF,88,40.76590909090909,40.1,24.987237599266855,0.0,97.2,23.36,19.346666666666668,4.013333333333332,1.568689589849256,
mustafa-eskihellac,Mustafa Eskihellaç,Trabzonspor Kulübü,FWD,77,40.603896103896105,43.7,23.66736283509447,0.0,92.4,40.5,36.440000000000005,4.059999999999995,1.646057439351749,
sota-kitano,Sota Kitano,FC Red Bull Salzburg,FWD,83,40.59879518072289,40.3,23.548338939793425,0.0,99.6,49.38000000000001,39.77333333333333,9.606666666666676,1.6538306432990992,
yorbe-vertessen,Yorbe Vertessen,FC Red Bull Salzburg,FWD,83,40.59156626506024,37.3,20.1083480105159,0.0,83.7,50.04,31.793333333333333,18.246666666666666,1.9230100927290972,
enzo-barrenechea,Enzo Barrenechea,SL Benfica,MID,89,40.47977528089888,45.5,25.420505233227832,0.0,95.7,19.66,34.45333333333334,-14.79333333333334,1.5321347916537704,
auston-trusty,Auston Trusty,Celtic FC,DEF,102,40.43627450980392,46.150000000000006,32.41974642498815,0.0,100.0,57.56000000000002,35.95333333333333,21.606666666666683,1.209951565627963,
wagner-fabricio-cardoso-pina,Wagner Pina,Trabzonspor Kulübü,DEF,77,40.361038961038965,39.5,26.259289864151217,0.0,100.0,40.94,42.35333333333333,-1.413333333333334,1.4806342777886485,
thelo-aasgaard,Thelonious Aasgaard,Rangers FC,MID,79,40.34303797468354,39.6,23.04742982246863,0.0,84.9,52.82000000000001,43.24,9.580000000000005,1.6776444831118362,
tomas-lemos-araujo,Tomás Araújo,SL Benfica,DEF,104,39.96153846153846,43.3,29.98829644751013,0.0,96.6,19.2,35.57333333333334,-16.37333333333334,1.2895687418386408,
tochi-phil-chukwuani,Tochi Chukwuani,Rangers FC,MID,87,39.92873563218391,40.7,21.074270149551417,0.0,88.1,42.4,40.080000000000005,2.319999999999993,1.808836050373123,
fabio-samuel-amorim-silva,Samu,Vitória Guimarães SC,MID,81,39.779012345679014,37.9,21.647059361778116,0.0,85.4,58.480000000000004,55.40666666666666,3.073333333333345,1.7564758280633481,
michael-amir-murillo-bermudez,Michael Murillo,Beşiktaş Jimnastik Kulübü,DEF,90,39.58111111111111,36.15,25.99569063009926,0.0,100.0,19.58,30.826666666666664,-11.246666666666666,1.4662010931100071,
heorhii-sudakov,Heorhii Sudakov,SL Benfica,MID,74,39.37027027027027,40.0,23.852157248462987,0.0,93.2,0.0,15.140000000000002,-15.140000000000002,1.5841791872093989,
felipe-augusto-da-silva,Felipe Augusto,Trabzonspor Kulübü,FWD,82,39.369512195121956,36.650000000000006,18.43663615862526,0.0,82.9,41.38,44.22,-2.8399999999999963,2.025531160527035,
leandro-barreiro-martins,Leandro Barreiro,SL Benfica,MID,116,39.34396551724138,39.150000000000006,20.946209738251,0.0,100.0,58.64,45.53333333333333,13.10666666666667,1.7927453526823394,
geovany-tcherno-quenda,Geovany Quenda,Sporting Clube de Portugal,MID,99,39.25252525252525,41.9,26.610441189366306,0.0,95.9,46.2,20.86,25.340000000000003,1.4216551261644708,
tuur-rommens,Tuur Rommens,Rangers FC,DEF,77,39.24545454545455,44.1,26.616716875393934,0.0,98.6,28.56000000000001,35.11333333333333,-6.55333333333332,1.421076036030251,
joao-miguel-teixeira-mendes,João Mendes,Vitória Guimarães SC,DEF,81,39.208641975308645,40.1,19.876155296805166,0.0,100.0,34.86,42.833333333333336,-7.973333333333336,1.878154354471057,
rodrigo-abascal-barros,Rodrigo Abascal,Vitória Guimarães SC,DEF,68,39.07647058823529,42.25,25.578273882731363,0.0,100.0,18.520000000000003,29.826666666666668,-11.306666666666665,1.4702410984493748,
francisco-sampaio-moura,Francisco Moura,FC Porto,DEF,93,39.00752688172043,39.9,27.65599328300068,0.0,93.4,14.680000000000001,9.746666666666666,4.933333333333335,1.3612345067396596,
john-souttar,John Souttar,Rangers FC,DEF,122,38.66065573770492,41.25,30.390623710016385,0.0,95.7,0.0,24.34666666666667,-24.34666666666667,1.2315988396678068,
mert-muldur,Mert Müldür,Fenerbahçe Spor Kulübü,DEF,116,38.59827586206896,39.6,26.3705566469702,0.0,100.0,36.539999999999985,36.38666666666666,0.15333333333332178,1.4102115773499118,
roland-sallai,Roland Sallai,Galatasaray Spor Kulübü,FWD,109,38.502752293577984,41.9,23.673690110877335,0.0,92.7,45.120000000000005,37.46,7.660000000000004,1.560478068767028,
bernardo-pinto-lima,Bernardo Lima,FC Porto,MID,1,38.5,38.5,,38.5,38.5,,,,38.5,
hidemasa-morita,Hidemasa Morita,Sporting Clube de Portugal,MID,97,38.47113402061856,40.5,23.389171099939986,0.0,90.8,47.98,49.14666666666667,-1.1666666666666714,1.5773858760092598,
nelson-cabral-semedo,Nelson Semedo,Fenerbahçe Spor Kulübü,DEF,100,38.417,39.9,22.59562867798848,0.0,87.3,49.339999999999996,36.72666666666667,12.61333333333333,1.6281405562140352,
rodrigo-zalazar-martinez,Rodrigo Zalazar,Sporting Braga,MID,109,38.25963302752294,38.5,30.346575617620108,0.0,98.0,41.8,33.833333333333336,7.9666666666666615,1.2205362874156167,
gustaf-lagerbielke,Gustaf Lagerbielke,Sporting Braga,DEF,111,38.24684684684684,40.0,28.032318425896854,0.0,100.0,36.660000000000004,42.36000000000001,-5.700000000000003,1.3173886523899043,
zeno-debast,Zeno Debast,Sporting Clube de Portugal,DEF,106,38.07830188679245,40.05,28.994295020841868,0.0,100.0,46.94,33.75333333333334,13.18666666666666,1.269518148712391,
joao-filipe-iria-santos-moutinho,João Moutinho,Sporting Braga,MID,101,38.0,44.5,22.71110741465506,0.0,94.1,30.559999999999995,41.78666666666667,-11.226666666666674,1.6026244297857402,
oliver-antman,Oliver Antman,Rangers FC,FWD,102,37.950980392156865,39.25,27.135416720836872,0.0,100.0,29.2,24.986666666666668,4.213333333333331,1.3488686081571581,
mario-lemina,Mario Lemina,Galatasaray Spor Kulübü,MID,97,37.94536082474227,40.5,26.26203700455976,0.0,95.3,49.279999999999994,45.193333333333335,4.086666666666659,1.3918754793853316,
oumar-camara-2007-05-11,Oumar Camara,Vitória Guimarães SC,FWD,34,37.8235294117647,36.55,18.73740480111712,0.0,82.7,37.86,41.36666666666667,-3.5066666666666677,1.9163375222270318,
amar-dedic,Amar Dedić,SL Benfica,DEF,106,37.60566037735849,38.75,25.859760357555995,0.0,95.3,48.54,32.82,15.719999999999999,1.4000743073189608,
lukas-hornicek,Lukáš Horníček,Sporting Braga,GK,108,37.4,39.25,29.68318067447071,0.0,91.7,36.22,42.6,-6.380000000000003,1.218908834673645,
sebastian-tounekti,Sebastian Tounekti,Celtic FC,FWD,74,37.35675675675676,39.0,19.611145007759358,0.0,87.4,37.440000000000005,38.67333333333333,-1.2333333333333272,1.8124542204080984,
mario-dorgeles,Maho Dorgeles,Sporting Braga,MID,87,37.293103448275865,40.0,27.496472471867207,0.0,98.6,59.42,40.813333333333325,18.606666666666676,1.3086919261706171,
ernest-muci,Ernest Muçi,Trabzonspor Kulübü,MID,93,37.23225806451613,37.4,25.514715111813945,0.0,88.6,29.860000000000003,43.68666666666666,-13.826666666666657,1.4042111298388742,
joao-sabino-mendes-neto-saraiva,João Mendes,Vitória Guimarães SC,MID,81,37.22469135802469,36.9,21.37576040088514,0.0,98.5,15.440000000000001,31.06,-15.619999999999997,1.663616819768599,
milan-skriniar,Milan Škriniar,Fenerbahçe Spor Kulübü,DEF,116,37.206896551724135,37.8,32.59919103861037,0.0,100.0,22.339999999999996,13.120000000000001,9.219999999999995,1.1073747730702201,
telmo-emanuel-gomes-arcanjo,Telmo Arcanjo,Vitória Guimarães SC,MID,91,37.2021978021978,38.7,20.85381381597982,0.0,87.7,31.24,35.480000000000004,-4.2400000000000055,1.7023206162301532,
dodi-lukebakio,Dodi Lukébakio,SL Benfica,FWD,98,37.165306122448975,41.1,26.485573205986185,0.0,89.3,35.040000000000006,40.06666666666667,-5.026666666666664,1.352175042664004,
ozan-tufan,Ozan Tufan,Trabzonspor Kulübü,MID,75,36.90533333333333,37.0,23.60705284748912,0.0,97.1,55.160000000000004,45.27333333333333,9.88666666666667,1.4997868116132045,
samuel-omorodion-aghehowa,Samu Omorodion,FC Porto,FWD,104,36.89423076923077,35.75,27.70902845021756,0.0,95.6,0.0,0.0,0.0,1.2851089974433174,
gabriel-martinez-aguilera,Gabri Martínez,Sporting Braga,FWD,101,36.84455445544555,37.4,22.80442270809557,0.0,88.8,14.8,27.453333333333333,-12.653333333333332,1.547802898110829,
rui-tiago-dantas-da-silva,Rui Silva,Sporting Clube de Portugal,GK,112,36.75178571428571,40.75,27.25986054224226,0.0,83.8,49.739999999999995,48.7,1.039999999999992,1.3004942349007664,
jakub-piotr-kiwior,Jakub Kiwior,FC Porto,DEF,115,36.69478260869565,39.4,30.68476347280766,0.0,100.0,38.24000000000001,38.17333333333333,0.06666666666667709,1.1581207680526844,
ismail-yuksek,İsmail Yüksek,Fenerbahçe Spor Kulübü,MID,114,36.67192982456141,39.55,26.66108665031421,0.0,99.5,34.68,40.373333333333335,-5.693333333333335,1.3257588282109243,
ebere-paul-onuachu,Paul Onuachu,Trabzonspor Kulübü,FWD,82,36.23780487804878,35.0,25.7738437622805,0.0,92.4,30.6,47.553333333333335,-16.953333333333333,1.3534778644335441,
junior-olaitan-ishola,Junior Olaïtan,Beşiktaş Jimnastik Kulübü,MID,82,36.23048780487805,37.7,23.406871888634768,0.0,87.6,54.52,40.773333333333326,13.746666666666677,1.4844379882105676,
onyinye-wilfred-ndidi,Wilfred Ndidi,Beşiktaş Jimnastik Kulübü,MID,95,36.108421052631584,38.4,25.047290009941303,0.0,97.2,20.4,38.64666666666667,-18.24666666666667,1.3862640235836554,
milot-rashica,Milot Rashica,Beşiktaş Jimnastik Kulübü,MID,98,36.076530612244895,37.4,25.916486815735404,0.0,98.0,14.48,24.27333333333333,-9.79333333333333,1.340313498534085,
evren-eren-elmali,Eren Elmalı,Galatasaray Spor Kulübü,DEF,106,36.0377358490566,38.2,25.91605295061506,0.0,95.8,23.96,31.993333333333332,-8.033333333333331,1.3388937789347417,
ederson-santana-de-moraes,Ederson,Fenerbahçe Spor Kulübü,GK,106,35.87641509433962,35.75,28.44822716674658,0.0,87.9,21.599999999999994,27.586666666666662,-5.986666666666668,1.2182877730192143,
ashton-scally,Ashton Scally,Rangers FC,DEF,1,35.7,35.7,,35.7,35.7,,,,35.7,
archie-brown,Archibald Brown,Fenerbahçe Spor Kulübü,DEF,100,35.674,35.55,25.514886207502826,0.0,88.6,38.2,29.966666666666665,8.233333333333338,1.345432890822871,
clement-bischoff,Clement Bischoff,FC Red Bull Salzburg,FWD,85,35.51764705882353,35.9,25.585208601058227,0.0,100.0,0.0,14.326666666666664,-14.326666666666664,1.3359927917740597,
luke-mccowan,Luke McCowan,Celtic FC,MID,98,35.320408163265306,37.45,24.64439443669235,0.0,100.0,20.56,26.6,-6.040000000000003,1.3773149625529226,
jean-baptiste-gorby-2002-07-25,Jean-Baptiste Gorby,Sporting Braga,MID,101,35.29306930693069,38.7,20.090665780036968,0.0,82.7,33.779999999999994,36.58666666666667,-2.806666666666679,1.6733975909066265,
pablo-paulino-rosario,Pablo Rosario,FC Porto,MID,97,35.21340206185567,38.6,23.262987541308604,0.0,97.2,32.82,25.026666666666664,7.7933333333333366,1.4513217715626978,
thiago-emiliano-da-silva,Thiago Silva,FC Porto,DEF,102,35.148039215686275,41.95,30.624305141899782,0.0,95.0,41.36,23.89333333333333,17.46666666666667,1.1114248695101863,
kristjan-asllani,Kristjan Asllani,Beşiktaş Jimnastik Kulübü,MID,110,35.13636363636363,38.9,27.14778017273093,0.0,100.0,54.8,44.96666666666667,9.833333333333329,1.2482818687920236,
arseniy-batagov,Arsenii Batahov,Trabzonspor Kulübü,MID,77,35.13246753246753,41.0,32.796074225746025,0.0,100.0,0.0,31.28666666666667,-31.28666666666667,1.0395428563032163,
giorgi-kochorashvili,Kochorashvili,Sporting Clube de Portugal,MID,102,35.09019607843137,41.65,28.629481826679,0.0,94.9,31.860000000000003,10.620000000000001,21.240000000000002,1.1843000253495972,
nelson-miguel-castro-oliveira,Nélson Oliveira,Vitória Guimarães SC,FWD,81,35.044444444444444,36.1,18.352997030457995,0.0,72.8,19.8,24.759999999999998,-4.959999999999997,1.8108019336380328,
antonio-joao-pereira-albuquerque-tavares-silva,António Silva,SL Benfica,DEF,116,34.97586206896552,37.55,29.09249005346989,0.0,97.9,61.96,42.660000000000004,19.299999999999997,1.1622787614723342,
andreas-raedergard-schjelderup,Andreas Schjelderup,SL Benfica,FWD,110,34.72,37.55,27.33770390954353,0.0,89.3,68.8,63.77333333333333,5.026666666666664,1.2252227671948765,
wilfried-stephane-singo,Wilfried Singo,Galatasaray Spor Kulübü,DEF,98,34.71530612244898,35.650000000000006,29.81533318955688,0.0,100.0,20.82,40.98,-20.159999999999997,1.126559492603954,
rodrigo-mora-de-carvalho,Rodrigo Mora,FC Porto,MID,95,34.65684210526316,38.5,25.645395475027264,0.0,94.9,32.18,31.873333333333335,0.30666666666666487,1.3006690832472134,
hyun-jun-yang,Yang Hyun-Jun,Celtic FC,FWD,104,34.627884615384616,37.349999999999994,26.103946272847004,0.0,92.8,52.46,54.06666666666667,-1.6066666666666691,1.2775956780166424,
andreas-skov-olsen,Andreas Skov Olsen,Rangers FC,FWD,88,34.565909090909095,39.1,27.152899916522696,0.0,88.6,8.64,30.21333333333333,-21.57333333333333,1.227792134856511,
ousmane-diomande,Ousmane Diomande,Sporting Clube de Portugal,DEF,102,34.55098039215686,37.9,26.837386162944735,0.0,88.7,43.559999999999995,34.940000000000005,8.61999999999999,1.2411718611048623,
alberto-oliveira-baio,Alberto Costa,FC Porto,DEF,100,34.483000000000004,34.25,29.435226113682848,0.0,100.0,52.460000000000015,44.8,7.660000000000018,1.132996346772577,
edmund-baidoo,Edmund Baidoo,FC Red Bull Salzburg,FWD,81,34.41728395061729,38.5,23.82487035706311,0.0,83.6,14.34,31.913333333333334,-17.573333333333334,1.3864033711187125,
gokhan-sazdagi,Gökhan Sazdağı,Beşiktaş Jimnastik Kulübü,MID,71,34.202816901408454,36.7,27.749929069824343,0.0,100.0,0.0,10.133333333333333,-10.133333333333333,1.189666131639518,
anthony-musaba,Anthony Musaba,Fenerbahçe Spor Kulübü,FWD,92,34.129347826086956,36.95,23.70151169678534,0.0,85.9,44.019999999999996,36.806666666666665,7.213333333333331,1.3816704113104366,
kieran-tierney,Kieran Tierney,Celtic FC,DEF,112,34.07053571428572,37.0,29.98301212231087,0.0,100.0,67.14,58.00666666666667,9.133333333333333,1.0996521442068417,
emir-han-topcu,Emirhan Topçu,Beşiktaş Jimnastik Kulübü,DEF,95,34.03263157894737,38.7,27.805293549683995,0.0,93.4,26.700000000000006,22.953333333333333,3.7466666666666733,1.181471437541407,
tim-jabol-folcarelli,Tim Jabol-Folcarelli,Trabzonspor Kulübü,MID,71,33.69859154929577,40.8,25.618862988920306,0.0,87.2,30.520000000000003,37.026666666666664,-6.506666666666661,1.2659666028305676,
kartal-kayra-yilmaz,Kartal Yılmaz,Beşiktaş Jimnastik Kulübü,MID,77,33.63376623376624,38.2,26.3358101730505,0.0,87.0,11.14,9.026666666666667,2.1133333333333333,1.2303921493764503,
emmanuel-fernandez,Emmanuel Fernandez,Rangers FC,DEF,54,33.62777777777778,34.15,30.7781741870649,0.0,89.5,39.1,41.78666666666667,-2.6866666666666674,1.0582035827428296,
pau-victor-delgado,Pau Víctor,Sporting Braga,FWD,105,33.62761904761905,35.8,24.69843694539773,0.0,93.6,49.78,50.1,-0.3200000000000003,1.3085472520787431,
seko-fofana,Seko Fofana,FC Porto,MID,69,33.59855072463768,36.8,22.522371184026465,0.0,79.7,39.56,37.67999999999999,1.8800000000000097,1.4283658080973458,
stefan-lainer,Stefan Lainer,FC Red Bull Salzburg,DEF,83,33.320481927710844,36.3,25.97393045304364,0.0,100.0,32.4,24.680000000000003,7.719999999999995,1.2352846384665859,
felix-uduokhai,Felix Uduokhai,Beşiktaş Jimnastik Kulübü,DEF,84,33.27023809523809,38.95,29.152638516483343,0.0,100.0,22.3,30.180000000000003,-7.880000000000003,1.1033939227922118,
hugo-miguel-zagal-nunes,Hugo Nunes,Vitória Guimarães SC,MID,1,33.2,33.2,,33.2,33.2,,,,33.2,
alexander-schlager,Alexander Schlager,FC Red Bull Salzburg,GK,107,33.12523364485981,36.5,24.280336377709148,0.0,81.0,39.14,37.32666666666667,1.8133333333333326,1.3103161741972658,
goncalo-teixeira-nogueira,Gonçalo Nogueira,Vitória Guimarães SC,MID,34,33.08529411764706,37.9,26.792469909477685,0.0,95.2,48.62,39.693333333333335,8.926666666666662,1.1904409440905588,
alistair-johnston,Alistair Johnston,Celtic FC,DEF,102,33.07941176470588,28.1,35.656694588218414,0.0,100.0,39.58,13.193333333333333,26.386666666666663,0.9024112003633223,
christ-ravynel-inao-oulai,Christ Inao Oulaï,Trabzonspor Kulübü,MID,77,32.75714285714286,36.0,28.347446875528355,0.0,100.0,49.14,44.986666666666665,4.153333333333336,1.1161837346899743,
demir-ege-tiknaz,Ege Tıknaz,Sporting Braga,MID,89,32.65842696629213,36.2,27.784756321787004,0.0,93.5,50.040000000000006,35.919999999999995,14.120000000000012,1.1345736820281216,
benedito-mambuene-mukendi,Beni,Vitória Guimarães SC,MID,79,32.54303797468354,36.6,23.677251245653952,0.0,100.0,56.36,48.20666666666667,8.153333333333329,1.3187464702096785,
cameron-carter-vickers,Cameron Carter-Vickers,Celtic FC,DEF,100,32.385999999999996,0.0,35.64112656791733,0.0,100.0,0.0,0.0,0.0,0.8838702036076835,
sidny-lopes-cabral,Sidny Cabral,SL Benfica,DEF,46,32.323913043478264,34.75,29.66229319660163,0.0,100.0,0.0,21.4,-21.4,1.0541909842236064,
samuel-elias-dahl,Samuel Dahl,SL Benfica,DEF,110,31.911818181818184,35.95,30.086333670424292,0.0,100.0,41.22,46.486666666666665,-5.266666666666666,1.0265545792612805,
leon-adrian-barisic,Adrian Barišić,Sporting Braga,DEF,102,31.639215686274508,35.5,29.452365155283335,0.0,94.9,0.0,0.0,0.0,1.0389740016888396,
joane-kouakou-gadou,Joane Gadou,FC Red Bull Salzburg,DEF,83,31.422891566265058,35.1,27.051920833929188,0.0,93.8,0.0,30.719999999999995,-30.719999999999995,1.120168980665974,
martim-moreira-moutinho-fernandes,Martim Fernandes,FC Porto,DEF,93,31.238709677419354,33.5,27.189863969222,0.0,94.0,12.180000000000001,23.553333333333335,-11.373333333333333,1.1081539702187324,
william-gomes-carvalho-santos,William,FC Porto,FWD,88,31.123863636363637,34.05,24.518170575085882,0.0,78.7,26.919999999999995,42.233333333333334,-15.31333333333334,1.2196745665910218,
pedro-antonio-pereira-goncalves,Pedro Gonçalves,Sporting Clube de Portugal,MID,100,30.787,32.65,32.6749824140362,0.0,100.0,49.419999999999995,44.626666666666665,4.7933333333333294,0.9142395271799029,
kerim-sam-alajbegovic,Kerim-Sam Alajbegović,FC Red Bull Salzburg,FWD,85,30.774117647058826,35.0,31.870747719877695,0.0,100.0,54.739999999999995,56.686666666666675,-1.9466666666666796,0.9362159300212392,
alioune-ndoye,Alioune Ndoye,Vitória Guimarães SC,FWD,53,30.57547169811321,33.7,22.198197307788973,0.0,84.5,13.24,21.566666666666666,-8.326666666666666,1.3180106752453242,
bright-akwo-arrey-mbi,Bright Arrey-Mbi,Sporting Braga,DEF,107,30.453271028037385,35.0,26.765347625970765,0.0,94.6,0.0,23.913333333333338,-23.913333333333338,1.0968085628991884,
connor-barron,Connor Barron,Rangers FC,MID,114,30.105263157894736,35.1,24.11547383421523,0.0,100.0,36.2,19.959999999999997,16.240000000000006,1.198673907433187,
tony-strata,T. Strata,Vitória Guimarães SC,DEF,74,30.05945945945946,32.9,24.05570543732557,0.0,87.8,43.12,41.666666666666664,1.4533333333333331,1.1997051743224831,
eduardo-filipe-quaresma-coimbra-simoes,Eduardo Quaresma,Sporting Clube de Portugal,DEF,90,29.931111111111115,30.25,32.53074827023232,0.0,100.0,37.82,36.873333333333335,0.9466666666666654,0.8926466796949811,
joao-pedro-ferreira-silva,Jota Silva,Beşiktaş Jimnastik Kulübü,FWD,74,29.902702702702705,35.7,23.742343959788894,0.0,86.2,43.96,24.46,19.5,1.2085638592406764,
moussa-kounfolo-yeo,Moussa Yeo,FC Red Bull Salzburg,MID,91,29.82087912087912,33.9,24.240826519111724,0.0,92.7,27.439999999999998,26.580000000000002,0.8599999999999959,1.1814541452634086,
frans-kratzig,Frans Krätzig,FC Red Bull Salzburg,DEF,91,29.73076923076923,33.9,28.910500561820836,0.0,100.0,43.86000000000001,55.82666666666667,-11.966666666666661,0.9939910289806041,
aleksa-terzic,Aleksa Terzić,FC Red Bull Salzburg,DEF,106,29.54433962264151,34.25,26.955462668167772,0.0,100.0,19.44,29.119999999999997,-9.679999999999996,1.0568360099538954,
bojan-miovski,Bojan Miovski,Rangers FC,FWD,110,29.543636363636367,34.1,22.902355662953692,0.0,86.4,44.46,35.38,9.079999999999998,1.2360135871221307,
oskar-pietuszewski,Oskar Pietuszewski,FC Porto,FWD,53,29.52075471698113,35.0,24.072329778355687,0.0,90.8,41.3,36.766666666666666,4.533333333333331,1.1774236769359048,
nasser-yacouba-djiga,Nasser Djiga,Rangers FC,DEF,89,29.442696629213483,33.5,28.255658675582335,0.0,100.0,42.2,34.25333333333334,7.946666666666665,1.0063932231266854,
oguz-aydin,Oğuz Aydın,Fenerbahçe Spor Kulübü,FWD,110,29.418181818181818,35.3,27.10153244530778,0.0,94.6,28.839999999999996,17.30666666666667,11.533333333333328,1.0468532944043727,
luuk-de-jong,Luuk de Jong,FC Porto,FWD,92,29.38913043478261,30.549999999999997,30.3883886750929,0.0,85.6,0.0,0.0,0.0,0.9363058020911813,
tim-drexler,Tim Drexler,FC Red Bull Salzburg,DEF,71,29.22253521126761,33.0,22.889456070321355,0.0,84.0,55.4,36.58666666666667,18.813333333333325,1.2232398730740341,
florian-grillitsch,Florian Grillitsch,Sporting Braga,MID,108,29.201851851851853,36.05,25.954874504749316,0.0,100.0,1.6600000000000001,29.43333333333333,-27.77333333333333,1.083360705192919,
gustavo-da-silva-cunha,Gustavo Silva,Vitória Guimarães SC,FWD,80,29.03875,33.8,26.189724015104513,0.0,80.1,55.17999999999999,46.55333333333333,8.626666666666665,1.0680045881991413,
souleymane-faye,Souleymane Faye,Sporting Clube de Portugal,FWD,43,28.623255813953488,33.7,27.2376912979519,0.0,91.2,0.0,11.966666666666667,-11.966666666666667,1.0136542506939847,
edin-visca,Edin Višća,Trabzonspor Kulübü,MID,75,28.608,36.1,27.872032674446356,0.0,100.0,0.0,0.0,0.0,0.9908550715003852,
kaan-ayhan,Kaan Ayhan,Galatasaray Spor Kulübü,DEF,110,28.45727272727273,34.65,25.409495657292478,0.0,99.7,19.84,13.520000000000001,6.3199999999999985,1.0775394235677045,
okay-yokuslu,Okay Yokuşlu,Trabzonspor Kulübü,MID,82,28.154878048780485,34.95,23.680070030547014,0.0,82.0,7.459999999999996,24.573333333333334,-17.113333333333337,1.140794090694744,
amine-el-ouazzani,Amine El Ouazzani,Sporting Braga,FWD,101,28.086138613861383,34.4,22.86032821156761,0.0,78.7,14.780000000000001,9.526666666666667,5.253333333333334,1.1771061305118629,
fotis-ioannidis,Fotis Ioannidis,Sporting Clube de Portugal,FWD,75,28.054666666666666,34.3,25.76891220125591,0.0,84.4,0.0,2.32,-2.32,1.0480316292176577,
georgios-vagiannidis,Georgios Vagiannidis,Sporting Clube de Portugal,DEF,82,27.93780487804878,29.799999999999997,27.669422621521587,0.0,100.0,22.999999999999993,27.473333333333336,-4.473333333333343,0.9744809041629043,
ismail-jakobs,Ismail Jakobs,Galatasaray Spor Kulübü,DEF,110,27.906363636363636,29.55,27.30477418103956,0.0,100.0,44.49999999999999,35.693333333333335,8.806666666666658,0.9859242634430624,
stefan-savic-1991-01-08,Stefan Savić,Trabzonspor Kulübü,DEF,81,27.81728395061728,28.1,29.667666701829862,0.0,100.0,23.220000000000002,34.18666666666666,-10.966666666666658,0.9070557672702727,
fehmi-mert-gunok,Mert Günok,Fenerbahçe Spor Kulübü,GK,104,27.47596153846154,29.8,25.888320623353216,0.0,83.2,25.860000000000003,11.26,14.600000000000003,1.0218548760757464,
edson-omar-alvarez-velazquez,Edson Álvarez,Fenerbahçe Spor Kulübü,MID,94,27.194680851063833,35.1,25.55230085392129,0.0,100.0,6.859999999999999,2.2866666666666666,4.573333333333332,1.0241930068763767,
mauro-emanuel-icardi-rivero,Mauro Icardi,Galatasaray Spor Kulübü,FWD,94,27.161702127659574,33.1,27.155324262127415,0.0,100.0,39.64,32.913333333333334,6.726666666666667,0.964709263327349,
daniel-santos-braganca,Daniel Bragança,Sporting Clube de Portugal,MID,90,27.13222222222222,25.15,29.794946512837907,0.0,93.9,56.14,51.11333333333334,5.026666666666664,0.8810608653244858,
james-forrest,James Forrest,Celtic FC,MID,100,27.025,34.900000000000006,24.483906794447492,0.0,80.1,21.959999999999997,27.066666666666663,-5.106666666666666,1.060473192669512,
anthony-ralston,Anthony Ralston,Celtic FC,DEF,115,27.019130434782607,31.3,27.8963177336521,0.0,100.0,36.86,22.12,14.739999999999998,0.935037145003311,
joel-mvuka,Joel Mvuka,Celtic FC,MID,70,26.997142857142858,35.25,21.66749366155437,0.0,71.8,0.0,0.0,0.0,1.191006966197232,
vitor-carvalho-vieira,Vítor Carvalho,Sporting Braga,MID,101,26.809900990099013,35.0,25.286251224531064,0.0,95.5,36.46,24.160000000000004,12.299999999999997,1.0199210515449713,
sikou-niakate,Sikou Niakaté,Sporting Braga,DEF,112,26.72589285714286,32.6,27.876351001190418,0.0,96.5,0.0,20.033333333333335,-20.033333333333335,0.9255287434357995,
benjamin-bouchouari,Benjamin Bouchouari,Trabzonspor Kulübü,MID,71,26.583098591549298,32.9,23.190028558569818,0.0,75.7,40.36,24.666666666666668,15.693333333333332,1.098927954019785,
francisco-jose-navarro-aliaga,Fran Navarro,Sporting Braga,FWD,96,26.508333333333336,33.55,22.77565952210093,0.0,70.0,32.22,39.06666666666667,-6.846666666666671,1.1149357732302743,
ivan-fresneda-corraliza,Iván Fresneda,Sporting Clube de Portugal,DEF,90,26.407777777777774,33.1,23.66828925703243,0.0,74.6,0.0,22.173333333333336,-22.173333333333336,1.0705151663587473,
jayden-meghoma,Jayden Meghoma,Rangers FC,DEF,86,26.390697674418604,29.700000000000003,25.217639148290743,0.0,82.3,18.36,24.386666666666667,-6.026666666666667,1.0066008432395082,
nedim-bajrami,Nedim Bajrami,Rangers FC,MID,119,26.312605042016806,33.3,24.168709826585058,0.0,96.4,0.0,8.833333333333334,-8.833333333333334,1.0454491002245765,
damir-redzic,Damir Redzic,FC Red Bull Salzburg,FWD,20,26.189999999999998,34.95,20.883660195422994,0.0,64.9,15.02,27.926666666666666,-12.906666666666666,1.1967833427370473,
tomas-cvancara,Tomáš Čvančara,Celtic FC,FWD,77,26.16103896103896,33.5,20.501656902515514,0.0,80.4,7.720000000000001,24.233333333333334,-16.513333333333335,1.2166987446431785,
mikey-moore,Mikey Moore,Rangers FC,FWD,99,25.889898989898988,34.1,25.062303976329424,0.0,92.0,47.3,52.166666666666664,-4.866666666666667,0.9933848908144491,
miguel-angelo-gomes-ferreira-magalhaes,Miguel Maga,Vitória Guimarães SC,DEF,81,25.85185185185185,30.2,25.017879162266688,0.0,91.5,24.26,13.233333333333333,11.026666666666669,0.9936187223647489,
ryan-don-naderi,Ryan Naderi,Rangers FC,FWD,14,25.764285714285712,31.0,22.330923958384815,0.0,62.8,6.6,27.746153846153845,-21.146153846153844,1.1042977020644902,
maurits-kjaergaard,Maurits Kjærgaard,FC Red Bull Salzburg,MID,91,25.618681318681322,0.0,30.5953043313945,0.0,100.0,51.42,31.08,20.340000000000003,0.8108382514684456,
jayden-oosterwolde,Jayden Oosterwolde,Fenerbahçe Spor Kulübü,DEF,98,25.493877551020407,24.3,25.3414082568128,0.0,77.8,33.4,35.480000000000004,-2.0800000000000054,0.9678251558333753,
yaser-esneider-asprilla-martinez,Yáser Asprilla,Galatasaray Spor Kulübü,FWD,98,25.325510204081635,33.0,22.20711927838063,0.0,94.3,0.0,9.846666666666666,-9.846666666666666,1.0912819424199047,
ridvan-yilmaz,Rıdvan Yılmaz,Beşiktaş Jimnastik Kulübü,DEF,93,25.213978494623657,26.7,27.065707451849423,0.0,97.5,34.32000000000001,47.72666666666667,-13.40666666666666,0.8983909825854809,
juan-diego-castillo-reyes,Juan Castillo,Vitória Guimarães SC,GK,70,24.861428571428572,15.55,27.290951374312947,0.0,77.1,0.0,0.6799999999999999,-0.6799999999999999,0.8787766887896797,
deniz-daniel-gul,Deniz Gül,FC Porto,FWD,104,24.764423076923077,33.7,21.135177129262193,0.0,70.6,54.42,36.906666666666666,17.513333333333335,1.1187813376105802,
jose-carlos-natario-ferreira,Zé Carlos,Vitória Guimarães SC,MID,86,24.57325581395349,34.85,20.8281168808987,0.0,77.1,33.12,37.27333333333333,-4.153333333333336,1.1257616013343321,
cengiz-under,Cengiz Ünder,Beşiktaş Jimnastik Kulübü,FWD,96,24.538541666666664,32.7,26.025491025416503,0.0,82.1,31.24,38.50666666666667,-7.266666666666669,0.9079776439062308,
el-bilal-toure,El Bilal Touré,Beşiktaş Jimnastik Kulübü,FWD,85,24.516470588235297,30.7,26.04231834030556,0.0,86.5,38.22,21.3,16.919999999999998,0.9065964788859991,
yasin-ozcan,Yasin Özcan,Beşiktaş Jimnastik Kulübü,DEF,80,24.46625,18.2,26.561683375384494,0.0,80.8,9.08,6.926666666666667,2.1533333333333333,0.8876906996853086,
anthony-nuatuzor-nwakaeme,Anthony Nwakaeme,Trabzonspor Kulübü,MID,75,24.430666666666667,24.0,26.745133294768877,0.0,89.5,37.8,35.126666666666665,2.673333333333332,0.8805388104324903,
paulo-guilherme-goncalves-bernardo,Paulo Bernardo,Celtic FC,MID,102,24.414705882352944,30.25,25.137126489128782,0.0,100.0,0.0,4.573333333333333,-4.573333333333333,0.9341006132601362,
marcelo-josemir-saracchi-pintos,Saracchi,Celtic FC,DEF,105,24.397142857142857,0.0,29.279513240564572,0.0,89.4,20.1,38.67333333333333,-18.57333333333333,0.8057310123618078,
diego-henrique-oliveira-rodrigues,Diego Rodrigues,Sporting Braga,MID,74,24.26081081081081,33.85,24.28880354022758,0.0,81.3,0.0,17.433333333333334,-17.433333333333334,0.9593498866887271,
caglar-soyuncu,Çağlar Söyüncü,Fenerbahçe Spor Kulübü,DEF,108,23.973148148148148,0.0,27.02534499760418,0.0,92.7,34.04,22.026666666666664,12.013333333333335,0.8554095640998374,
paulo-andre-rodrigues-de-oliveira,Paulo Oliveira,Sporting Braga,DEF,101,23.683168316831683,16.7,26.660847958408716,0.0,98.6,24.6,18.633333333333333,5.966666666666669,0.8561982030501041,
derek-cornelius,Derek Cornelius,Rangers FC,DEF,94,23.577659574468086,0.0,27.77245155601592,0.0,100.0,0.0,4.846666666666664,-4.846666666666664,0.8194525770098421,
nehuen-perez,Nehuen Pérez,FC Porto,DEF,93,23.419354838709676,0.0,27.982631484487552,0.0,100.0,0.0,0.0,0.0,0.8080479114273829,
youssef-ramalho-chermiti,Youssef Chermiti,Rangers FC,FWD,83,23.29397590361446,26.1,27.0260459259148,0.0,100.0,52.56,46.346666666666664,6.213333333333338,0.8311545611960642,
matija-mitrovic,Matija Mitrović,Vitória Guimarães SC,MID,34,23.176470588235293,29.15,24.122968544692,0.0,75.5,0.0,12.693333333333332,-12.693333333333332,0.9225211800510746,
karim-onisiwo,Karim Onisiwo,FC Red Bull Salzburg,FWD,80,23.0775,31.75,22.470509365371328,0.0,85.2,38.58,35.54666666666667,3.0333333333333314,0.983255183803076,
ahmed-kutucu,Ahmed Kutucu,Galatasaray Spor Kulübü,FWD,93,22.925806451612903,0.0,27.042771690439977,0.0,91.7,0.0,2.353333333333333,-2.353333333333333,0.8175299754491996,
sidiki-cherif,Sidiki Chérif,Fenerbahçe Spor Kulübü,FWD,70,22.9,32.3,21.819131347366312,0.0,67.7,26.46,37.9,-11.439999999999998,1.0035438970661352,
dominik-prpic,Dominik Prpić,FC Porto,DEF,85,22.73764705882353,0.0,27.963096328956862,0.0,97.0,4.279999999999999,1.4266666666666665,2.8533333333333326,0.7850558103516984,
junior-chikwubuike-adamu,Junior Adamu,Celtic FC,FWD,84,22.503571428571426,29.0,21.8403707459406,0.0,82.5,0.0,14.026666666666666,-14.026666666666666,0.9852542097010824,
sacha-boey,Sacha Boey,Galatasaray Spor Kulübü,DEF,99,22.45151515151515,0.0,27.049955160988773,0.0,100.0,25.380000000000003,43.29333333333333,-17.913333333333327,0.8004118018249169,
renato-nhaga,Renato Nhaga,Galatasaray Spor Kulübü,MID,50,22.398000000000003,28.7,22.31192131245226,0.0,65.2,0.0,4.346666666666668,-4.346666666666668,0.9607959678568374,
mathias-fjortoft-lovik,Mathias Løvik,Trabzonspor Kulübü,DEF,80,22.09375,29.25,20.575537544695266,0.0,81.9,41.720000000000006,40.733333333333334,0.9866666666666717,1.024018518854106,
ricardo-luis-chaby-mangas,Ricardo Mangas,Sporting Clube de Portugal,DEF,81,21.830864197530865,0.0,26.501752970206088,0.0,100.0,7.8,7.533333333333333,0.2666666666666666,0.7937990069644376,
gianluca-prestianni-gross,Gianluca Prestianni,SL Benfica,FWD,103,21.67184466019417,0.0,25.304019743734774,0.0,88.1,53.54,37.56666666666667,15.97333333333333,0.823898585513953,
kelechi-promise-iheanacho,Kelechi Iheanacho,Celtic FC,FWD,87,21.289655172413795,30.8,21.84360389851135,0.0,72.5,44.62,26.233333333333334,18.386666666666663,0.9319744496971066,
armindo-tue-na-bangna,Bruma,SL Benfica,FWD,103,21.061165048543693,0.0,28.763713636433774,0.0,90.0,0.0,2.36,-2.36,0.7076121382502052,
salih-ucan,Salih Uçan,Beşiktaş Jimnastik Kulübü,MID,86,20.905813953488373,28.3,21.58814137792355,0.0,72.2,16.720000000000006,29.25333333333333,-12.533333333333324,0.9255216533185243,
joao-miguel-costa-nogueira,Miguel Nogueira,Vitória Guimarães SC,MID,31,20.661290322580644,27.4,21.199161578064903,0.0,64.2,39.2,22.273333333333333,16.92666666666667,0.9307239036899557,
yigit-efe-demir,Yiğit Demir,Fenerbahçe Spor Kulübü,DEF,48,20.554166666666667,0.0,26.79137649711058,0.0,87.6,16.580000000000002,32.32,-15.739999999999998,0.7395879318465441,
joao-pedro-arnauth-barrocas-simoes,João Simões,Sporting Clube de Portugal,MID,84,20.41904761904762,11.8,21.686548360791168,0.0,65.4,0.0,16.706666666666667,-16.706666666666667,0.9000508713056397,
oscar-rivas-viondi,Óscar Rivas,Vitória Guimarães SC,DEF,81,20.051851851851854,0.0,27.726540133557556,0.0,85.6,54.14000000000001,23.56,30.58000000000001,0.6980253019899125,
mamady-diambou,Mamady Diambou,FC Red Bull Salzburg,MID,91,19.88681318681319,0.0,22.09437439103854,0.0,67.0,0.0,5.760000000000001,-5.760000000000001,0.8611107125088436,
tim-trummer,Tim Trummer,FC Red Bull Salzburg,MID,65,19.65076923076923,0.0,24.824232887675272,0.0,75.7,4.139999999999997,14.66,-10.520000000000003,0.7609429994006771,
diogo-filipe-spencer-marques,Diogo Spencer,SL Benfica,DEF,42,19.52857142857143,0.0,24.42361198307186,0.0,96.5,20.98,14.92,6.0600000000000005,0.7681273393243413,
taylan-bulut,Taylan Bulut,Beşiktaş Jimnastik Kulübü,DEF,72,19.416666666666668,0.0,22.082661607287555,0.0,66.3,24.16,8.26,15.9,0.841179713024798,
dujon-sterling,Dujon Sterling,Rangers FC,DEF,104,19.320192307692306,0.0,25.225112236446037,0.0,95.3,39.7,26.85333333333333,12.846666666666671,0.7367058006654514,
alexander-hartmann-bah,Alexander Bah,SL Benfica,DEF,106,19.28301886792453,0.0,27.15149902622448,0.0,99.1,14.280000000000001,31.033333333333335,-16.753333333333334,0.6849730754998682,
tiago-emanuel-embalo-djalo,Tiago Djaló,Beşiktaş Jimnastik Kulübü,DEF,83,19.13855421686747,0.0,26.759688609353915,0.0,100.0,39.68,25.186666666666667,14.493333333333332,0.6894369200675592,
mustafa-erhan-hekimoglu,Mustafa Hekimoğlu,Beşiktaş Jimnastik Kulübü,FWD,88,19.097727272727273,28.05,19.946808446193415,0.0,70.0,19.619999999999997,30.253333333333334,-10.633333333333336,0.9117249208529346,
maximillian-james-aarons,Max Aarons,Rangers FC,DEF,91,18.442857142857143,0.0,23.80509349258003,0.0,76.7,18.259999999999998,11.906666666666668,6.35333333333333,0.7435108901473793,
michel-ange-balikwisha,Michel-Ange Balikwisha,Celtic FC,FWD,96,18.078125,0.0,26.55629652019312,0.0,94.4,0.0,0.0,0.0,0.6560433469988407,
ersin-destanoglu,Ersin Destanoğlu,Beşiktaş Jimnastik Kulübü,GK,86,17.788372093023256,0.0,25.84386339086709,0.0,86.2,39.839999999999996,45.34666666666667,-5.506666666666675,0.6626606548398424,
manuel-jorge-silva,Manu,SL Benfica,MID,103,17.59126213592233,0.0,26.642020866337734,0.0,100.0,7.140000000000001,6.846666666666666,0.2933333333333348,0.6363956608304587,
henrique-pereira-araujo,Henrique Araújo,SL Benfica,FWD,86,17.25232558139535,0.0,21.96756821661363,0.0,73.9,0.0,0.0,0.0,0.7511603065106324,
munir-mercan,Levent Mercan,Fenerbahçe Spor Kulübü,DEF,98,17.23061224489796,0.0,24.78005686389748,0.0,87.7,28.9,33.02666666666667,-4.126666666666672,0.6683698308294964,
thiago-balieiro-lourenco-de-carvalho,Thiago Balieiro,Vitória Guimarães SC,DEF,34,16.88529411764706,0.0,24.928979513968137,0.0,86.3,33.1,31.673333333333336,1.4266666666666659,0.6512132152578864,
devis-stiven-vasquez-llach,Devis Vásquez,Beşiktaş Jimnastik Kulübü,GK,83,16.842168674698797,0.0,23.489276850231292,0.0,76.9,15.38,5.126666666666667,10.253333333333334,0.6877364643186566,
alex-oxlade-chamberlain,Alex Oxlade-Chamberlain,Celtic FC,MID,69,16.836231884057973,0.0,21.970106502020986,0.0,71.2,21.400000000000002,27.626666666666665,-6.226666666666663,0.7329627262536491,
thiago-emanuel-helguera-merello,Thiago Helguera,Sporting Braga,MID,86,16.60232558139535,0.0,21.16119076347179,0.0,79.3,40.7,27.673333333333336,13.026666666666667,0.7491621618437986,
diogo-lobao-de-sousa,Diogo Sousa,Vitória Guimarães SC,MID,57,16.428070175438595,0.0,22.159517097513373,0.0,64.6,35.5,41.32,-5.82,0.7093442452305049,
gabriel-silva-moscardo-de-salles,Gabriel Moscardo,Sporting Braga,MID,96,16.421875,0.0,19.591454652341078,0.0,57.8,29.879999999999995,36.779999999999994,-6.899999999999999,0.7975092229889145,
karim-konate,Karim Konaté,FC Red Bull Salzburg,FWD,92,16.31304347826087,0.0,23.714256932154605,0.0,81.9,41.339999999999996,47.086666666666666,-5.74666666666667,0.6600661117606456,
fabio-blanco-gomez,FABIO BLANCO,Vitória Guimarães SC,MID,34,15.891176470588235,0.0,18.776183619182248,0.0,52.3,7.62,9.546666666666665,-1.926666666666665,0.8035512198205075,
zaidu-sanusi,Zaidu,FC Porto,DEF,107,15.69158878504673,0.0,22.86202718646336,0.0,86.5,25.8,34.526666666666664,-8.726666666666663,0.6575966351236234,
luis-guilherme-lira-dos-santos,Luis Guilherme,Sporting Clube de Portugal,FWD,81,15.067901234567902,0.0,19.94177040260276,0.0,68.0,34.32,22.12,12.2,0.7195142027101576,
anisio-claudio-fernandes-reis-cabral,Anísio Cabral,SL Benfica,FWD,19,14.700000000000001,0.0,23.61696659419052,0.0,66.2,0.0,11.446666666666667,-11.446666666666667,0.5971491224864857,
orest-lebedenko,Orest Lebedenko,Vitória Guimarães SC,DEF,34,14.605882352941178,0.0,19.953596792444127,0.0,66.3,0.0,13.966666666666667,-13.966666666666667,0.697058481062691,
jannik-schuster-2006-05-16,Jannik Schuster,FC Red Bull Salzburg,DEF,91,14.568131868131868,0.0,26.05950830575997,0.0,100.0,66.17999999999999,43.233333333333334,22.94666666666666,0.5383738574817655,
terem-igobor-moffi,Terem Moffi,FC Porto,FWD,93,14.449462365591398,0.0,20.649937486250852,0.0,65.9,10.4,32.15333333333333,-21.75333333333333,0.6674135837467321,
luis-teixeira-pinto,Luís Pinto,Sporting Braga,MID,10,14.3,0.0,24.60261955339083,0.0,63.5,18.2,10.11111111111111,8.088888888888889,0.5585365970141949,
miguel-raimundo-nobrega,Miguel Nóbrega,Vitória Guimarães SC,DEF,38,14.236842105263158,0.0,21.362589440328087,0.0,60.0,0.0,11.866666666666667,-11.866666666666667,0.6366365640818331,
yann-karamoh,Yann Karamoh,FC Porto,FWD,79,13.937974683544303,0.0,18.30519965220383,0.0,60.0,0.0,0.0,0.0,0.7219803438786597,
samy-jr-merheg-enciso,Samy Merheg,Sporting Braga,FWD,82,13.46219512195122,0.0,21.247847474095938,0.0,69.7,0.0,0.0,0.0,0.6051010165197237,
joao-pedro-neves-filipe,Jota,Celtic FC,FWD,85,12.830588235294117,0.0,23.27483324849177,0.0,77.6,0.0,0.0,0.0,0.5285551543836579,
julian-araujo,Julián Araujo,Celtic FC,DEF,88,12.030681818181819,0.0,21.065662848671966,0.0,76.5,0.0,20.19333333333333,-20.19333333333333,0.5452218635211266,
colby-donovan,Colby Donovan,Celtic FC,DEF,89,11.8,0.0,21.738324975196978,0.0,85.3,0.0,12.42,-12.42,0.518947636330797,
joao-paulo-santos-da-costa,João Costa,FC Porto,GK,62,11.72258064516129,0.0,22.463773527614347,0.0,75.5,0.0,0.0,0.0,0.49960338354634515,
douglas-mendes-moreira,Douglas Mendes,FC Red Bull Salzburg,DEF,63,11.003174603174603,0.0,19.726239020360087,0.0,66.6,0.0,0.0,0.0,0.5308813910891316,
francisco-lagos-dias,Francisco Dias,Vitória Guimarães SC,DEF,8,10.9625,0.0,22.078945206430753,0.0,60.1,12.02,8.585714285714285,3.434285714285714,0.47500004449706795,
charles-marcelo-da-silva,Charles,Vitória Guimarães SC,GK,81,10.188888888888888,0.0,20.960373326827934,0.0,82.1,56.120000000000005,43.70666666666667,12.413333333333334,0.46396701628207804,
anrie-chase,Anrie Chase,FC Red Bull Salzburg,DEF,84,9.855952380952381,0.0,18.20431797837936,0.0,61.4,0.0,8.426666666666668,-8.426666666666668,0.5132154337398718,
gunay-guvenc,Günay Güvenç,Galatasaray Spor Kulübü,GK,94,9.80531914893617,0.0,21.12677232889193,0.0,82.8,4.84,1.6133333333333333,3.2266666666666666,0.443142768551603,
mert-hakan-yandas,Mert Hakan Yandaş,Fenerbahçe Spor Kulübü,MID,98,9.533673469387754,0.0,18.950390708795158,0.0,87.9,0.0,0.0,0.0,0.4778690106146553,
viljani-sinisalo,Viljami Sinisalo,Celtic FC,GK,116,9.351724137931035,0.0,20.731138028531404,0.0,100.0,39.72,37.233333333333334,2.4866666666666646,0.4303375242314922,
nuno-miguel-gomes-dos-santos,Nuno Santos,Sporting Clube de Portugal,FWD,90,8.337777777777777,0.0,19.516081399924765,0.0,84.3,16.080000000000002,19.446666666666665,-3.3666666666666636,0.4064020616436213,
dane-murray,Dane Murray,Celtic FC,DEF,70,8.322857142857144,0.0,20.16684157137164,0.0,100.0,0.0,8.020000000000001,-8.020000000000001,0.39320260015145053,
ross-doohan,Ross Doohan,Celtic FC,GK,89,8.250561797752809,0.0,19.274165019029923,0.0,89.0,0.0,0.0,0.0,0.40694952369227494,
salih-malkocoglu,Salih Malkoçoğlu,Trabzonspor Kulübü,MID,75,7.778666666666666,0.0,16.944179366803645,0.0,64.9,19.7,13.56,6.139999999999999,0.4334924717179898,
joao-pedro-seno-luis-rego,João Rêgo,SL Benfica,MID,98,7.440816326530613,0.0,16.017766146264954,0.0,73.9,0.0,0.0,0.0,0.4372381346986436,
tarik-cetin,Tarık Çetin,Fenerbahçe Spor Kulübü,GK,84,6.947619047619048,0.0,16.649718519929568,0.0,80.4,0.0,3.3333333333333335,-3.3333333333333335,0.3936390849391729,
metehan-baltaci,Metehan Baltacı,Galatasaray Spor Kulübü,DEF,94,6.907446808510638,0.0,16.36327016874744,0.0,65.2,0.0,0.0,0.0,0.39781946265764584,
ejike-julius-opara,Ejike Opara,Vitória Guimarães SC,FWD,19,6.852631578947368,0.0,16.95062661644278,0.0,60.0,0.0,2.3466666666666667,-2.3466666666666667,0.38174887848596634,
enrique-marlon-aguilar,Enrique Aguilar,FC Red Bull Salzburg,FWD,47,6.640425531914894,0.0,13.840263562055458,0.0,39.6,27.860000000000003,9.286666666666667,18.573333333333338,0.4474600807558136,
valentin-sulzbacher,Valentin Sulzbacher,FC Red Bull Salzburg,MID,55,6.152727272727272,0.0,15.579269874793548,0.0,60.0,0.0,0.0,0.0,0.3711096640076793,
arda-unyay,Arda Ünyay,Galatasaray Spor Kulübü,DEF,62,6.006451612903225,0.0,14.541155511030782,0.0,62.6,0.0,0.0,0.0,0.3864868097253112,
tiago-goncalves-da-silva,Tiago Silva,FC Porto,MID,8,5.875,0.0,16.617009357883866,0.0,47.0,9.4,6.714285714285714,2.685714285714286,0.3334845251342761,
rodrigo-osorio-mordomo-silva,Rodrigo Silva,Sporting Braga,FWD,6,5.866666666666667,0.0,14.37033982432798,0.0,35.2,7.040000000000001,7.040000000000001,0.0,0.38168750552808084,
rafael-ferreira-nel,Rafael Nel,Sporting Clube de Portugal,FWD,78,5.773076923076922,0.0,16.204846742319347,0.0,77.8,26.9,27.61333333333333,-0.7133333333333312,0.33554945356628424,
liam-kelly-1996-01-23,Liam Kelly,Rangers FC,GK,114,5.724561403508772,0.0,17.705194285101395,0.0,91.0,0.0,2.2666666666666666,-2.2666666666666666,0.3060412694065605,
eduardo-manuel-de-freitas-monteiro-ferreira-felicissimo,Eduardo Felicíssimo,Sporting Clube de Portugal,MID,52,5.68076923076923,0.0,15.129571595110802,0.0,68.5,7.58,2.5266666666666664,5.053333333333334,0.35219591526480376,
samuel-jumpe-soares,Samuel Soares,SL Benfica,GK,102,5.269607843137255,0.0,18.63351494089645,0.0,90.2,0.0,0.0,0.0,0.26839859592133986,
jose-pedro-formoso-neto,José Neto,SL Benfica,DEF,26,5.165384615384616,0.0,15.64058674878132,0.0,67.8,0.0,4.52,-4.52,0.31040880308880364,
rodrigo-miguel-ferreira-rego,Rodrigo Rêgo,SL Benfica,FWD,29,5.1517241379310335,0.0,13.131957222463486,0.0,39.8,0.0,0.0,0.0,0.36454427768448794,
adam-montgomery,Adam Montgomery,Celtic FC,DEF,69,4.989855072463769,0.0,15.00266785027736,0.0,67.9,0.0,0.0,0.0,0.3118139499706784,
daniel-armando-fonseca-da-silva-banjaqui,Daniel Banjaqui,SL Benfica,DEF,24,4.983333333333333,0.0,17.08609062230512,0.0,68.7,0.0,0.0,0.0,0.2755340243174229,
yanis-franklin-da-rocha,Yanis da Rocha,Sporting Braga,MID,54,4.944444444444445,0.0,12.089831477619228,0.0,38.4,5.459999999999999,4.153333333333333,1.3066666666666658,0.37773171128279015,
rafael-da-silva-pontelo,Rafael Pontelo,Sporting Clube de Portugal,DEF,19,4.921052631578948,0.0,12.02407672350071,0.0,37.2,0.0,6.233333333333333,-6.233333333333333,0.3778427243675074,
salvador-blopa,Salvador Blopa,Sporting Clube de Portugal,DEF,34,4.823529411764706,0.0,11.854370344167778,0.0,35.5,6.0200000000000005,2.006666666666667,4.013333333333334,0.375244316338934,
devrim-sahin-2007-04-01,Devrim Şahin,Beşiktaş Jimnastik Kulübü,FWD,31,4.819354838709677,0.0,12.746147636438725,0.0,40.2,0.0,0.0,0.0,0.35059676108340193,
john-olof-mellberg,John Mellberg,FC Red Bull Salzburg,DEF,91,4.771428571428571,0.0,16.706261538811567,0.0,100.0,0.0,0.0,0.0,0.2694769057245512,
sandro-miguel-rodrigues-vidigal,Sandro Vidigal,Sporting Braga,FWD,67,4.607462686567164,0.0,14.290729283857273,0.0,70.0,0.0,0.0,0.0,0.3013239330207326,
oliver-lukic,Oliver Lukić,FC Red Bull Salzburg,MID,64,4.315625,0.0,12.509250148818447,0.0,49.2,0.0,10.993333333333336,-10.993333333333336,0.3194570351765568,
joao-antonio-nascimento-muniz,João Muniz,Sporting Clube de Portugal,DEF,58,4.112068965517241,0.0,15.27278370042844,0.0,63.9,0.0,0.0,0.0,0.2526960992794967,
yigithan-cubukcu,Yiğithan Çubukcu,Trabzonspor Kulübü,MID,8,4.075,0.0,11.525840533340725,0.0,32.6,0.0,0.0,0.0,0.32532746917489064,
benjamin-arthur,Benjamin Arthur,Celtic FC,DEF,61,3.7163934426229512,0.0,14.539007076687056,0.0,70.9,0.0,15.113333333333335,-15.113333333333335,0.23916543858188993,
christian-zawieschitzky,Christian Zawieschitzky,FC Red Bull Salzburg,GK,70,3.664285714285714,0.0,14.097178623205979,0.0,74.9,0.0,0.0,0.0,0.2427132781388249,
callum-james-osmand,Callum Osmand,Celtic FC,FWD,50,3.576,0.0,14.816173732837797,0.0,76.9,0.0,0.0,0.0,0.22609766814684457,
sean-mcardle,Sean McArdle,Celtic FC,MID,24,3.5500000000000003,0.0,12.040294666334953,0.0,44.5,0.0,0.0,0.0,0.27223311212167167,
romulo-helberth-pereira-junior,Rômulo,Sporting Clube de Portugal,DEF,77,3.4766233766233765,0.0,13.850336268993008,0.0,75.0,0.0,0.0,0.0,0.23411075100585074,
bailey-rice,Bailey Rice,Rangers FC,MID,103,3.4611650485436893,0.0,10.694411524017621,0.0,41.9,0.0,0.0,0.0,0.29596744063908265,
boran-baskan,Boran Başkan,Trabzonspor Kulübü,MID,41,3.4195121951219516,0.0,10.58877281634173,0.0,38.6,7.0200000000000005,2.3400000000000003,4.68,0.29507112179298045,
samuel-loureiro-carvalho-justo,Samuel Justo,Sporting Clube de Portugal,MID,52,3.4038461538461537,0.0,10.573681005926126,0.0,40.6,0.0,0.0,0.0,0.29410229572624874,
takumu-kawamura,Takumu Kawamura,FC Red Bull Salzburg,MID,91,3.265934065934066,0.0,11.5611054813612,0.0,55.8,0.0,0.0,0.0,0.26000371311109705,
flavio-ferreira-goncalves,Flávio Gonçalves,Sporting Clube de Portugal,FWD,34,3.1470588235294117,0.0,10.27374515803232,0.0,37.2,0.0,2.48,-2.48,0.279149366906453,
kami-l-efe-uregen,Kami̇l Üregen,Fenerbahçe Spor Kulübü,DEF,26,3.088461538461538,0.0,10.9766416329614,0.0,44.4,0.0,0.0,0.0,0.2578737540214661,
martim-costa-guedes,Zeega,Vitória Guimarães SC,MID,14,2.9,0.0,9.008201391381762,0.0,33.5,6.7,2.576923076923077,4.123076923076923,0.28976235455226157,
leon-thomson-king,Leon King,Rangers FC,DEF,50,2.8480000000000003,0.0,9.818625366192187,0.0,41.4,0.0,0.0,0.0,0.2632497109013403,
claudio-pires-morais-ramos,Cláudio Ramos,FC Porto,GK,93,2.8021505376344087,0.0,11.516453055393928,0.0,70.7,1.8199999999999998,0.6066666666666667,1.2133333333333332,0.22387736567484112,
ricardo-joaquim-ferreira-rocha,Rica Rocha,Vitória Guimarães SC,MID,30,2.75,0.0,10.585375402591687,0.0,47.3,0.0,0.0,0.0,0.23736822540811373,
necip-uysal,Necip Uysal,Beşiktaş Jimnastik Kulübü,DEF,86,2.437209302325581,0.0,9.043399237424047,0.0,44.4,0.0,0.0,0.0,0.2426677706133568,
oguzhan-ertem,Oğuzhan Ertem,Trabzonspor Kulübü,MID,17,2.164705882352941,0.0,8.925311001337054,0.0,36.8,0.0,0.0,0.0,0.21809955194969005,
joao-vasconcelos-faria-goncalves,João Vasconcelos,Sporting Braga,MID,51,2.0921568627450977,0.0,8.452475214687233,0.0,35.9,7.159999999999999,2.3866666666666663,4.773333333333333,0.22133428707586658,
can-armando-guner,Can Güner,Galatasaray Spor Kulübü,FWD,18,1.9666666666666666,0.0,8.34386001800126,0.0,35.4,0.0,0.0,0.0,0.21047689743615777,
taha-emre-ince,Taha İnce,Trabzonspor Kulübü,DEF,31,1.9483870967741934,0.0,7.743550906732731,0.0,37.0,0.0,0.0,0.0,0.2228370507082988,
joao-manuel-neves-virginia,João Virgínia,Sporting Clube de Portugal,GK,84,1.9238095238095236,0.0,10.181516669839588,0.0,65.7,0.0,0.0,0.0,0.1720526455054798,
joao-miguel-fins-veloso,João Veloso,SL Benfica,MID,56,1.8678571428571427,0.0,7.922834826519588,0.0,35.4,0.0,0.0,0.0,0.20933449729515088,
zebedee-lawson,Zebedee Lawson,Rangers FC,FWD,18,1.8277777777777777,0.0,7.754604367012471,0.0,32.9,0.0,0.0,0.0,0.2087790265731347,
david-miguel-madeira-moreira,David Moreira,Sporting Clube de Portugal,DEF,40,1.75,0.0,7.725249975210327,0.0,35.0,0.0,0.0,0.0,0.2005673195578348,
onuralp-cakiroglu,Onuralp Çakıroğlu,Trabzonspor Kulübü,FWD,43,1.6767441860465115,0.0,7.693405871861407,0.0,38.0,6.82,2.2733333333333334,4.546666666666667,0.19287540588364266,
ada-yuzgec,Ada Yüzgeç,Galatasaray Spor Kulübü,FWD,23,1.4913043478260868,0.0,7.152044402157664,0.0,34.3,0.0,0.0,0.0,0.18293623958075741,
alaettin-ekici,Alaettin Ekici,Fenerbahçe Spor Kulübü,FWD,21,1.4761904761904763,0.0,6.764754597315765,0.0,31.0,0.0,2.066666666666667,-2.066666666666667,0.1901142473582858,
antonio-gil-lourenco-oliveira-valerio-branco,António Gil,Sporting Braga,MID,22,1.3909090909090909,0.0,6.523941920481679,0.0,30.6,0.0,0.0,0.0,0.18486441091773415,
diogo-ferreira-prioste,Diogo Prioste,SL Benfica,MID,88,1.2909090909090908,0.0,6.911370547309357,0.0,38.5,0.0,2.566666666666667,-2.566666666666667,0.1631713599040215,
fode-carlos-gaspar-pascoal,Fodé Pascoal,Sporting Braga,DEF,38,1.063157894736842,0.0,6.553745413682807,0.0,40.4,0.0,0.0,0.0,0.14074579384301786,
jonatas-xavier-zamith-oliveira-noro,Jonatás Noro,Sporting Braga,DEF,64,1.03125,0.0,5.787585921059902,0.0,33.4,0.0,0.0,0.0,0.1519317783956637,
batuhan-ahmet-sen,Batuhan Şen,Galatasaray Spor Kulübü,GK,75,1.0133333333333334,0.0,6.1982851450008924,0.0,42.0,6.8,2.2666666666666666,4.533333333333333,0.14077426955461456,
nuno-miguel-madeira-fernandes-felix,Nuno Félix,SL Benfica,MID,72,0.9472222222222221,0.0,5.710256949454639,0.0,39.3,0.0,0.0,0.0,0.1411603503945114,
goncalo-carvalho-moreira,Gonçalo Moreira,SL Benfica,MID,37,0.9459459459459459,0.0,5.753964555687505,0.0,35.0,7.0,2.3333333333333335,4.666666666666666,0.14005787832412683,
andre-alexandre-mendes-miranda,André Miranda,FC Porto,FWD,42,0.8642857142857142,0.0,5.601211603623936,0.0,36.3,0.0,2.42,-2.42,0.1309283456102571,
tiago-dias-freitas,Tiago Freitas,SL Benfica,MID,41,0.8341463414634147,0.0,5.341142656590328,0.0,34.2,0.0,0.0,0.0,0.131545115231951,
joao-soares-aragao,João Aragão,Sporting Braga,FWD,42,0.8333333333333334,0.0,5.400617248673218,0.0,35.0,0.0,0.0,0.0,0.130195776587965,
nuno-miguel-ferreira-matos,Nuno Matos,Sporting Braga,DEF,45,0.7777777777777778,0.0,5.21749194749951,0.0,35.0,0.0,0.0,0.0,0.1250951001376973,
lucas-rodrigues-carvalho-anjos,Lucas Anjos,Sporting Clube de Portugal,FWD,56,0.7267857142857144,0.0,5.438766272917836,0.0,40.7,0.0,0.0,0.0,0.11287654862433127,
aiden-mccallion,Aiden McCallion,Rangers FC,MID,54,0.6703703703703704,0.0,4.926196038263948,0.0,36.2,0.0,0.0,0.0,0.11311984383269784,
mauro-meireles-couto,Mauro Couto,Sporting Clube de Portugal,FWD,64,0.58125,0.0,4.650000000000001,0.0,37.2,0.0,0.0,0.0,0.10287610619469024,
onuralp-cevikkan,Onuralp Çevikkan,Trabzonspor Kulübü,GK,75,0.48800000000000004,0.0,4.2262039704680605,0.0,36.6,0.0,0.0,0.0,0.09337561311375579,
joao-goncalo-carapinha-carvalho,João Carvalho,Sporting Braga,GK,75,0.4106666666666667,0.0,3.556477658208095,0.0,30.8,0.0,0.0,0.0,0.0901280983847,
gokdeniz-gurpuz,Gökdeniz Gürpüz,Galatasaray Spor Kulübü,MID,94,0.4031914893617021,0.0,3.909086523320827,0.0,37.9,0.0,0.0,0.0,0.08213167306103154,
alaa-bellaarouch,Alaa Bellaarouch,Sporting Braga,GK,88,0.3977272727272727,0.0,3.731012536223183,0.0,35.0,0.0,0.0,0.0,0.0840681079752079,
tiago-magalhaes-sa,Tiago Sá,Sporting Braga,GK,101,0.395049504950495,0.0,3.970198388937857,0.0,39.9,7.9799999999999995,2.6599999999999997,5.32,0.07948364914965055,
ahmet-dogan-yildirim,Ahmet Yıldırım,Trabzonspor Kulübü,GK,74,0.31756756756756754,0.0,2.731819510479753,0.0,23.5,4.7,1.5666666666666667,3.1333333333333337,0.08509724724782895,
jean-baptiste-gorby,Jean-Baptiste Gorby,Sporting Braga,MID,101,0.0,0.0,0.0,0.0,0.0,0.0,0.0,0.0,0.0,
bosun-lawal,Bosun Lawal,Celtic FC,DEF,98,0.0,0.0,0.0,0.0,0.0,0.0,0.0,0.0,0.0,
eboue-kouassi,Eboue Kouassi,Celtic FC,MID,98,0.0,0.0,0.0,0.0,0.0,0.0,0.0,0.0,0.0,
diego-calai-silva,Diego Callai,Sporting Clube de Portugal,GK,90,0.0,0.0,0.0,0.0,0.0,0.0,0.0,0.0,0.0,
salko-hamzic,Salko Hamzić,FC Red Bull Salzburg,GK,90,0.0,0.0,0.0,0.0,0.0,0.0,0.0,0.0,0.0,
emir-yasar,Emir Yaşar,Beşiktaş Jimnastik Kulübü,GK,86,0.0,0.0,0.0,0.0,0.0,0.0,0.0,0.0,0.0,
rayan-lucas-marques-de-souza,Rayan Lucas,Sporting Clube de Portugal,MID,86,0.0,0.0,0.0,0.0,0.0,0.0,0.0,0.0,0.0,
francisco-diogo-pereira-silva,Francisco Silva,Sporting Clube de Portugal,GK,85,0.0,0.0,0.0,0.0,0.0,0.0,0.0,0.0,0.0,
jose-guilherme-ribeiro,Gui,Vitória Guimarães SC,GK,81,0.0,0.0,0.0,0.0,0.0,0.0,0.0,0.0,0.0,
engin-can-biterge,Engin Biterge,Fenerbahçe Spor Kulübü,GK,80,0.0,0.0,0.0,0.0,0.0,0.0,0.0,0.0,0.0,
bruno-cardoso-ramos-de-carvalho,Bruno Ramos,Sporting Clube de Portugal,DEF,79,0.0,0.0,0.0,0.0,0.0,0.0,0.0,0.0,0.0,
lucas-furtado-dos-santos,Lucas Furtado,Vitória Guimarães SC,GK,78,0.0,0.0,0.0,0.0,0.0,0.0,0.0,0.0,0.0,
adem-agaoglu,Adem Ağaoğlu,Trabzonspor Kulübü,GK,75,0.0,0.0,0.0,0.0,0.0,0.0,0.0,0.0,0.0,
andre-luis-rocha-oliveira,André Oliveira,FC Porto,MID,63,0.0,0.0,0.0,0.0,0.0,0.0,0.0,0.0,0.0,
goncalo-calisto-de-oliveira,Gonçalo Oliveira,SL Benfica,DEF,63,0.0,0.0,0.0,0.0,0.0,0.0,0.0,0.0,0.0,
joao-pedro-moreira-teixeira,João Teixeira,FC Porto,MID,63,0.0,0.0,0.0,0.0,0.0,0.0,0.0,0.0,0.0,
joshua-liam-wynder,Joshua Wynder,SL Benfica,DEF,58,0.0,0.0,0.0,0.0,0.0,0.0,0.0,0.0,0.0,
diogo-dias-fernandes,Diogo Fernandes,FC Porto,GK,55,0.0,0.0,0.0,0.0,0.0,0.0,0.0,0.0,0.0,
diogo-jose-de-nazare-e-jesus-ferreira,Diogo Ferreira,SL Benfica,GK,52,0.0,0.0,0.0,0.0,0.0,0.0,0.0,0.0,0.0,
gabriel-costa-bras,Gabriel Brás,FC Porto,DEF,49,0.0,0.0,0.0,0.0,0.0,0.0,0.0,0.0,0.0,
goncalo-miguel-azevedo-ribeiro,Gonçalo Ribeiro,FC Porto,GK,48,0.0,0.0,0.0,0.0,0.0,0.0,0.0,0.0,0.0,
abdou-aziz-fall,Abdou Fall,Fenerbahçe Spor Kulübü,MID,47,0.0,0.0,0.0,0.0,0.0,0.0,0.0,0.0,0.0,
enes-emre-buyuk,Enes Büyük,Galatasaray Spor Kulübü,GK,46,0.0,0.0,0.0,0.0,0.0,0.0,0.0,0.0,0.0,
furkan-kocak,Furkan Koçak,Galatasaray Spor Kulübü,MID,46,0.0,0.0,0.0,0.0,0.0,0.0,0.0,0.0,0.0,
nikola-sarcevic,Nikola Šarčević,FC Red Bull Salzburg,GK,44,0.0,0.0,0.0,0.0,0.0,0.0,0.0,0.0,0.0,
arda-ozturk-2007-03-10,Arda Öztürk,Trabzonspor Kulübü,DEF,42,0.0,0.0,0.0,0.0,0.0,0.0,0.0,0.0,0.0,
joao-victor-matos-ferreira,João Matos,Sporting Braga,DEF,42,0.0,0.0,0.0,0.0,0.0,0.0,0.0,0.0,0.0,
joao-carvalho-da-fonseca,João Fonseca,SL Benfica,DEF,41,0.0,0.0,0.0,0.0,0.0,0.0,0.0,0.0,0.0,
emre-bilgin,Emre Bilgin,Beşiktaş Jimnastik Kulübü,GK,40,0.0,0.0,0.0,0.0,0.0,0.0,0.0,0.0,0.0,
valentin-zabransky,Valentin Zabransky,FC Red Bull Salzburg,DEF,33,0.0,0.0,0.0,0.0,0.0,0.0,0.0,0.0,0.0,
finlay-hale,Finlay Hale,Celtic FC,MID,32,0.0,0.0,0.0,0.0,0.0,0.0,0.0,0.0,0.0,
samuel-isiguzo,Samuel Isiguzo,Celtic FC,FWD,32,0.0,0.0,0.0,0.0,0.0,0.0,0.0,0.0,0.0,
asim-efe-isik,Asım Işık,Beşiktaş Jimnastik Kulübü,MID,30,0.0,0.0,0.0,0.0,0.0,0.0,0.0,0.0,0.0,
calum-adamson,Calum Adamson,Rangers FC,DEF,30,0.0,0.0,0.0,0.0,0.0,0.0,0.0,0.0,0.0,
joshua-clarke,Joshua Clarke,Celtic FC,GK,30,0.0,0.0,0.0,0.0,0.0,0.0,0.0,0.0,0.0,
tuna-baran-demir,Tuna Demir,Beşiktaş Jimnastik Kulübü,FWD,30,0.0,0.0,0.0,0.0,0.0,0.0,0.0,0.0,0.0,
ege-arac,Ege Araç,Galatasaray Spor Kulübü,MID,29,0.0,0.0,0.0,0.0,0.0,0.0,0.0,0.0,0.0,
eyup-can-karasu,Eyüp Karasu,Galatasaray Spor Kulübü,MID,29,0.0,0.0,0.0,0.0,0.0,0.0,0.0,0.0,0.0,
yusuf-daghan-kahraman,Yusuf Kahraman,Galatasaray Spor Kulübü,DEF,29,0.0,0.0,0.0,0.0,0.0,0.0,0.0,0.0,0.0,
lewis-stewart,Lewis Stewart,Rangers FC,FWD,26,0.0,0.0,0.0,0.0,0.0,0.0,0.0,0.0,0.0,
arda-yilmaz,Arda Yılmaz,Galatasaray Spor Kulübü,GK,25,0.0,0.0,0.0,0.0,0.0,0.0,0.0,0.0,0.0,
erol-can-colak,Erol Çolak,Trabzonspor Kulübü,GK,25,0.0,0.0,0.0,0.0,0.0,0.0,0.0,0.0,0.0,
cihan-akgun,Cihan Akgün,Galatasaray Spor Kulübü,MID,24,0.0,0.0,0.0,0.0,0.0,0.0,0.0,0.0,0.0,
guilherme-mendes-paula,Guilherme Paula,Vitória Guimarães SC,FWD,24,0.0,0.0,0.0,0.0,0.0,0.0,0.0,0.0,0.0,
necati-ogulcan-yancel,Necati Yançel,Galatasaray Spor Kulübü,MID,24,0.0,0.0,0.0,0.0,0.0,0.0,0.0,0.0,0.0,
rodrigo-miguel-amores-dias,Rodrigo Dias,Sporting Clube de Portugal,DEF,24,0.0,0.0,0.0,0.0,0.0,0.0,0.0,0.0,0.0,
yan-vasconcelos-said,Yan Said,Sporting Braga,FWD,24,0.0,0.0,0.0,0.0,0.0,0.0,0.0,0.0,0.0,
goncalo-santos-sousa,Gonçalo Sousa,FC Porto,FWD,23,0.0,0.0,0.0,0.0,0.0,0.0,0.0,0.0,0.0,
yakuphan-sarialioglu,Yakuphan Sarıalioğlu,Trabzonspor Kulübü,DEF,22,0.0,0.0,0.0,0.0,0.0,0.0,0.0,0.0,0.0,
ercument-sancakli,Ercüment Sancaklı,Fenerbahçe Spor Kulübü,FWD,21,0.0,0.0,0.0,0.0,0.0,0.0,0.0,0.0,0.0,
mustafa-serhan-kok,Mustafa Kök,Fenerbahçe Spor Kulübü,MID,21,0.0,0.0,0.0,0.0,0.0,0.0,0.0,0.0,0.0,
selahattin-sevim,Selahattin Sevim,Fenerbahçe Spor Kulübü,FWD,21,0.0,0.0,0.0,0.0,0.0,0.0,0.0,0.0,0.0,
esat-yi-gi-t-alkurt,Esat Alkurt,Trabzonspor Kulübü,FWD,20,0.0,0.0,0.0,0.0,0.0,0.0,0.0,0.0,0.0,
joseph-haney,Joseph Haney,Celtic FC,MID,20,0.0,0.0,0.0,0.0,0.0,0.0,0.0,0.0,0.0,
andre-pinho-oliveira,André Oliveira,Vitória Guimarães SC,DEF,19,0.0,0.0,0.0,0.0,0.0,0.0,0.0,0.0,0.0,
arnas-voitinovicius,Arnas Voitinovičius,SL Benfica,GK,19,0.0,0.0,0.0,0.0,0.0,0.0,0.0,0.0,0.0,
ahmet-berat-tekke,Ahmet Tekke,Trabzonspor Kulübü,DEF,17,0.0,0.0,0.0,0.0,0.0,0.0,0.0,0.0,0.0,
ahmet-sami-bircan,Ahmet Bircan,Beşiktaş Jimnastik Kulübü,FWD,17,0.0,0.0,0.0,0.0,0.0,0.0,0.0,0.0,0.0,
ali-pagda,Ali Pağda,Beşiktaş Jimnastik Kulübü,FWD,17,0.0,0.0,0.0,0.0,0.0,0.0,0.0,0.0,0.0,
arran-kerr,Arran Kerr,Rangers FC,DEF,16,0.0,0.0,0.0,0.0,0.0,0.0,0.0,0.0,0.0,
kevin-philip-anjos-pinto,Kevin Pinto,SL Benfica,DEF,16,0.0,0.0,0.0,0.0,0.0,0.0,0.0,0.0,0.0,
tiago-alves-pinto-andrade,Tiago Andrade,FC Porto,FWD,13,0.0,0.0,0.0,0.0,0.0,0.0,0.0,0.0,0.0,
hulusi-efe-ceylan,Hulusi̇ Ceylan,Fenerbahçe Spor Kulübü,GK,12,0.0,0.0,0.0,0.0,0.0,0.0,0.0,0.0,0.0,
martim-de-araujo-cunha,Martim Cunha,FC Porto,DEF,12,0.0,0.0,0.0,0.0,0.0,0.0,0.0,0.0,0.0,
rydnn-mcguire,Rydnn McGuire,Rangers FC,GK,12,0.0,0.0,0.0,0.0,0.0,0.0,0.0,0.0,0.0,
thomas-hatton,Thomas Hatton,Celtic FC,MID,12,0.0,0.0,0.0,0.0,0.0,0.0,0.0,0.0,0.0,
cemal-azad-demir,Azad Demir,Beşiktaş Jimnastik Kulübü,MID,10,0.0,0.0,0.0,0.0,0.0,0.0,0.0,0.0,0.0,
miguel-lebre-monteiro-figueiredo,Miguel Figueiredo,SL Benfica,MID,9,0.0,0.0,0.0,0.0,0.0,0.0,0.0,0.0,0.0,
afonso-dias-sousa,Afonso Sousa,Sporting Braga,DEF,6,0.0,0.0,0.0,0.0,0.0,0.0,0.0,0.0,0.0,
romario-fernandes-cunha,Romário Cunha,Sporting Braga,GK,6,0.0,0.0,0.0,0.0,0.0,0.0,0.0,0.0,0.0,
adnan-efe-fettahoglu,Adnan Fettahoğlu,Fenerbahçe Spor Kulübü,MID,1,0.0,0.0,,0.0,0.0,,,,0.0,
emin-eren-sayar,Emin Sayar,Fenerbahçe Spor Kulübü,FWD,1,0.0,0.0,,0.0,0.0,,,,0.0,
yagiz-fikri-sen,Yağız Şen,Fenerbahçe Spor Kulübü,DEF,1,0.0,0.0,,0.0,0.0,,,,0.0,
